resource_type,owner_id,source,collection,id,external_id,name,name_type,name_external_id,name[ar],name_type[ar],name_locale[ar],name[fr],name_type[fr],name_locale[fr],name_external_id[fr],concept_class,datatype,description,description_external_id,released,attr:source,attr:precise,attr:units,map_external_id,map_target,map_type,map_from_concept_url,map_to_concept_url,map_from_concept_owner_id,map_from_concept_source,map_from_concept_id,map_to_concept_owner_id,map_to_concept_source,map_to_concept_id,map_to_concept_name,map_source[dsme1],map_to_concept_owner_id[dsme1],map_to_concept_source[dsme1],map_to_concept_id[dsme1],extmap_to_concept_owner_id[1],extmap_to_concept_source[1],extmap_to_concept_id[1],extmap_to_concept_name[1]
Concept,MSFOCG,OpenMRS,,AA0001,da33d74e-33b3-495a-9d7c-aa00a-aa0001,Acute abdomen,FULLY_SPECIFIED,,,,,,,,,Diagnosis,Text,,,,dhis2,,,,Internal,SAME-AS,/orgs/MSFOCG/sources/OpenMRS/concepts/AA0001/,/orgs/MSFOCG/sources/DHIS2DataElements/concepts/Z3a44uyRxNB/,MSFOCG,OpenMRS,AA0001,MSFOCG,DHIS2DataElements,Z3a44uyRxNB,,,,,,,,,
Concept,MSFOCG,OpenMRS,,AA0002,da33d74e-33b3-495a-9d7c-aa00a-aa0002,Acute asthma,FULLY_SPECIFIED,,,,,,,,,Diagnosis,Text,,,,dhis2,,,,Internal,SAME-AS,/orgs/MSFOCG/sources/OpenMRS/concepts/AA0002/,/orgs/MSFOCG/sources/DHIS2DataElements/concepts/lqK8WcEG6id/,MSFOCG,OpenMRS,AA0002,MSFOCG,DHIS2DataElements,lqK8WcEG6id,,,,,,,,,
Concept,MSFOCG,OpenMRS,,AA0003,da33d74e-33b3-495a-9d7c-aa00a-aa0003,Acute chest syndrome,FULLY_SPECIFIED,,,,,,,,,Diagnosis,Text,,,,dhis2,,,,,,,,,,,,,,,,,,,,,,
Concept,MSFOCG,OpenMRS,,AA0004,da33d74e-33b3-495a-9d7c-aa00a-aa0004,Acute diarrhea (bloody),FULLY_SPECIFIED,,,,,,,,,Diagnosis,Text,,,,dhis2,,,,,,,,,,,,,,,,,,,,,,
Concept,MSFOCG,OpenMRS,,AA0005,da33d74e-33b3-495a-9d7c-aa00a-aa0005,Acute diarrhea (non-bloody),FULLY_SPECIFIED,,,,,,,,,Diagnosis,Text,,,,dhis2,,,,,,,,,,,,,,,,,,,,,,
Concept,MSFOCG,OpenMRS,,AA0006,da33d74e-33b3-495a-9d7c-aa00a-aa0006,Acute febrile illness (=<7 days),FULLY_SPECIFIED,,,,,,,,,Diagnosis,Text,,,,dhis2,,,,,,,,,,,,,,,,,,,,,,
Concept,MSFOCG,OpenMRS,,AA0007,da33d74e-33b3-495a-9d7c-aa00a-aa0007,Acute flaccid paralysis,FULLY_SPECIFIED,,,,,,,,,Diagnosis,Text,,,,dhis2,,,,,,,,,,,,,,,,,,,,,,
Concept,MSFOCG,OpenMRS,,AA0008,da33d74e-33b3-495a-9d7c-aa00a-aa0008,Acute jaundice syndrome,FULLY_SPECIFIED,,,,,,,,,Diagnosis,Text,,,,dhis2,,,,,,,,,,,,,,,,,,,,,,
Concept,MSFOCG,OpenMRS,,AA0009,da33d74e-33b3-495a-9d7c-aa00a-aa0009,Allergy/Anaphylaxis,FULLY_SPECIFIED,,,,,,,,,Diagnosis,Text,,,,dhis2,,,,,,,,,,,,,,,,,,,,,,
Concept,MSFOCG,OpenMRS,,AA0010,da33d74e-33b3-495a-9d7c-aa00a-aa0010,Apnoea of prematurity,FULLY_SPECIFIED,,,,,,,,,Diagnosis,Text,,,,dhis2,,,,,,,,,,,,,,,,,,,,,,
Concept,MSFOCG,OpenMRS,,AA0011,da33d74e-33b3-495a-9d7c-aa00a-aa0011,Bacterial meningitis,FULLY_SPECIFIED,,,,,,,,,Diagnosis,Text,,,,dhis2,,,,,,,,,,,,,,,,,,,,,,
Concept,MSFOCG,OpenMRS,,AA0012,da33d74e-33b3-495a-9d7c-aa00a-aa0012,Birth injury,FULLY_SPECIFIED,,,,,,,,,Diagnosis,Text,,,,dhis2,,,,,,,,,,,,,,,,,,,,,,
Concept,MSFOCG,OpenMRS,,AA0013,da33d74e-33b3-495a-9d7c-aa00a-aa0013,Bronchiolitis/obstructive bronchitis,FULLY_SPECIFIED,,,,,,,,,Diagnosis,Text,,,,dhis2,,,,,,,,,,,,,,,,,,,,,,
Concept,MSFOCG,OpenMRS,,AA0014,da33d74e-33b3-495a-9d7c-aa00a-aa0014,Bronchospasm,FULLY_SPECIFIED,,,,,,,,,Diagnosis,Text,,,,dhis2,,,,,,,,,,,,,,,,,,,,,,
Concept,MSFOCG,OpenMRS,,AA0015,da33d74e-33b3-495a-9d7c-aa00a-aa0015,Burns,FULLY_SPECIFIED,,,,,,,,,Diagnosis,Text,,,,dhis2,,,,,,,,,,,,,,,,,,,,,,
Concept,MSFOCG,OpenMRS,,AA0016,da33d74e-33b3-495a-9d7c-aa00a-aa0016,Cardiogenic shock,FULLY_SPECIFIED,,,,,,,,,Diagnosis,Text,,,,dhis2,,,,,,,,,,,,,,,,,,,,,,
Concept,MSFOCG,OpenMRS,,AA0017,da33d74e-33b3-495a-9d7c-aa00a-aa0017,Cardiovascular disease,FULLY_SPECIFIED,,,,,,,,,Diagnosis,Text,,,,dhis2,,,,,,,,,,,,,,,,,,,,,,
Concept,MSFOCG,OpenMRS,,AA0018,da33d74e-33b3-495a-9d7c-aa00a-aa0018,Cerebral palsy/Neuro disability,FULLY_SPECIFIED,,,,,,,,,Diagnosis,Text,,,,dhis2,,,,,,,,,,,,,,,,,,,,,,
Concept,MSFOCG,OpenMRS,,AA0019,da33d74e-33b3-495a-9d7c-aa00a-aa0019,Chikungunya confirmed,FULLY_SPECIFIED,,,,,,,,,Diagnosis,Text,,,,dhis2,,,,,,,,,,,,,,,,,,,,,,
Concept,MSFOCG,OpenMRS,,AA0020,da33d74e-33b3-495a-9d7c-aa00a-aa0020,Chikungunya suspected,FULLY_SPECIFIED,,,,,,,,,Diagnosis,Text,,,,dhis2,,,,,,,,,,,,,,,,,,,,,,
Concept,MSFOCG,OpenMRS,,AA0021,da33d74e-33b3-495a-9d7c-aa00a-aa0021,Cholera (suspected),FULLY_SPECIFIED,,,,,,,,,Diagnosis,Text,,,,dhis2,,,,,,,,,,,,,,,,,,,,,,
Concept,MSFOCG,OpenMRS,,AA0022,da33d74e-33b3-495a-9d7c-aa00a-aa0022,Cholera confirmed,FULLY_SPECIFIED,,,,,,,,,Diagnosis,Text,,,,dhis2,,,,,,,,,,,,,,,,,,,,,,
Concept,MSFOCG,OpenMRS,,AA0023,da33d74e-33b3-495a-9d7c-aa00a-aa0023,Complicated ear infection,FULLY_SPECIFIED,,,,,,,,,Diagnosis,Text,,,,dhis2,,,,,,,,,,,,,,,,,,,,,,
Concept,MSFOCG,OpenMRS,,AA0024,da33d74e-33b3-495a-9d7c-aa00a-aa0024,Complications of SCD,FULLY_SPECIFIED,,,,,,,,,Diagnosis,Text,,,,dhis2,,,,,,,,,,,,,,,,,,,,,,
Concept,MSFOCG,OpenMRS,,AA0025,da33d74e-33b3-495a-9d7c-aa00a-aa0025,Congenital  pathology,FULLY_SPECIFIED,,,,,,,,,Diagnosis,Text,,,,dhis2,,,,,,,,,,,,,,,,,,,,,,
Concept,MSFOCG,OpenMRS,,AA0026,da33d74e-33b3-495a-9d7c-aa00a-aa0026,Congenital herpes virus infection,FULLY_SPECIFIED,,,,,,,,,Diagnosis,Text,,,,dhis2,,,,,,,,,,,,,,,,,,,,,,
Concept,MSFOCG,OpenMRS,,AA0027,da33d74e-33b3-495a-9d7c-aa00a-aa0027,Congenital malaria,FULLY_SPECIFIED,,,,,,,,,Diagnosis,Text,,,,dhis2,,,,,,,,,,,,,,,,,,,,,,
Concept,MSFOCG,OpenMRS,,AA0028,da33d74e-33b3-495a-9d7c-aa00a-aa0028,Congenital or acquired cardiac pathology,FULLY_SPECIFIED,,,,,,,,,Diagnosis,Text,,,,dhis2,,,,,,,,,,,,,,,,,,,,,,
Concept,MSFOCG,OpenMRS,,AA0029,da33d74e-33b3-495a-9d7c-aa00a-aa0029,Congenital syphilis,FULLY_SPECIFIED,,,,,,,,,Diagnosis,Text,,,,dhis2,,,,,,,,,,,,,,,,,,,,,,
Concept,MSFOCG,OpenMRS,,AA0030,da33d74e-33b3-495a-9d7c-aa00a-aa0030,Congestive Heart Failure,FULLY_SPECIFIED,,,,,,,,,Diagnosis,Text,,,,dhis2,,,,,,,,,,,,,,,,,,,,,,
Concept,MSFOCG,OpenMRS,,AA0031,da33d74e-33b3-495a-9d7c-aa00a-aa0031,COPD,FULLY_SPECIFIED,,,,,,,,,Diagnosis,Text,,,,dhis2,,,,,,,,,,,,,,,,,,,,,,
Concept,MSFOCG,OpenMRS,,AA0032,da33d74e-33b3-495a-9d7c-aa00a-aa0032,Covid-19 confirmed,FULLY_SPECIFIED,,,,,,,,,Diagnosis,Text,,,,dhis2,,,,,,,,,,,,,,,,,,,,,,
Concept,MSFOCG,OpenMRS,,AA0033,da33d74e-33b3-495a-9d7c-aa00a-aa0033,Covid-19 probable,FULLY_SPECIFIED,,,,,,,,,Diagnosis,Text,,,,dhis2,,,,,,,,,,,,,,,,,,,,,,
Concept,MSFOCG,OpenMRS,,AA0034,da33d74e-33b3-495a-9d7c-aa00a-aa0034,Cutaneous leishmaniasis,FULLY_SPECIFIED,,,,,,,,,Diagnosis,Text,,,,dhis2,,,,,,,,,,,,,,,,,,,,,,
Concept,MSFOCG,OpenMRS,,AA0035,da33d74e-33b3-495a-9d7c-aa00a-aa0035,Dengue (suspected),FULLY_SPECIFIED,,,,,,,,,Diagnosis,Text,,,,dhis2,,,,,,,,,,,,,,,,,,,,,,
Concept,MSFOCG,OpenMRS,,AA0036,da33d74e-33b3-495a-9d7c-aa00a-aa0036,Dengue confirmed,FULLY_SPECIFIED,,,,,,,,,Diagnosis,Text,,,,dhis2,,,,,,,,,,,,,,,,,,,,,,
Concept,MSFOCG,OpenMRS,,AA0037,da33d74e-33b3-495a-9d7c-aa00a-aa0037,Dental problem,FULLY_SPECIFIED,,,,,,,,,Diagnosis,Text,,,,dhis2,,,,,,,,,,,,,,,,,,,,,,
Concept,MSFOCG,OpenMRS,,AA0038,da33d74e-33b3-495a-9d7c-aa00a-aa0038,Diabetes and complications,FULLY_SPECIFIED,,,,,,,,,Diagnosis,Text,,,,dhis2,,,,,,,,,,,,,,,,,,,,,,
Concept,MSFOCG,OpenMRS,,AA0039,da33d74e-33b3-495a-9d7c-aa00a-aa0039,Diabetes type 2 and complications,FULLY_SPECIFIED,,,,,,,,,Diagnosis,Text,,,,dhis2,,,,,,,,,,,,,,,,,,,,,,
Concept,MSFOCG,OpenMRS,,AA0040,da33d74e-33b3-495a-9d7c-aa00a-aa0040,Diabetes Type I and complications,FULLY_SPECIFIED,,,,,,,,,Diagnosis,Text,,,,dhis2,,,,,,,,,,,,,,,,,,,,,,
Concept,MSFOCG,OpenMRS,,AA0041,da33d74e-33b3-495a-9d7c-aa00a-aa0041,Diarrhea (persistent),FULLY_SPECIFIED,,,,,,,,,Diagnosis,Text,,,,dhis2,,,,,,,,,,,,,,,,,,,,,,
Concept,MSFOCG,OpenMRS,,AA0042,da33d74e-33b3-495a-9d7c-aa00a-aa0042,Diphtheria,FULLY_SPECIFIED,,,,,,,,,Diagnosis,Text,,,,dhis2,,,,,,,,,,,,,,,,,,,,,,
Concept,MSFOCG,OpenMRS,,AA0043,da33d74e-33b3-495a-9d7c-aa00a-aa0043,Dog bite,FULLY_SPECIFIED,,,,,,,,,Diagnosis,Text,,,,dhis2,,,,,,,,,,,,,,,,,,,,,,
Concept,MSFOCG,OpenMRS,,AA0044,da33d74e-33b3-495a-9d7c-aa00a-aa0044,Epilepsy/Seizures,FULLY_SPECIFIED,,,,,,,,,Diagnosis,Text,,,,dhis2,,,,,,,,,,,,,,,,,,,,,,
Concept,MSFOCG,OpenMRS,,AA0045,da33d74e-33b3-495a-9d7c-aa00a-aa0045,Extra Pulmonary Tuberculosis,FULLY_SPECIFIED,,,,,,,,,Diagnosis,Text,,,,dhis2,,,,,,,,,,,,,,,,,,,,,,
Concept,MSFOCG,OpenMRS,,AA0046,da33d74e-33b3-495a-9d7c-aa00a-aa0046,Eye diseases (including trachoma),FULLY_SPECIFIED,,,,,,,,,Diagnosis,Text,,,,dhis2,,,,,,,,,,,,,,,,,,,,,,
Concept,MSFOCG,OpenMRS,,AA0047,da33d74e-33b3-495a-9d7c-aa00a-aa0047,Febrile convulsions,FULLY_SPECIFIED,,,,,,,,,Diagnosis,Text,,,,dhis2,,,,,,,,,,,,,,,,,,,,,,
Concept,MSFOCG,OpenMRS,,AA0048,da33d74e-33b3-495a-9d7c-aa00a-aa0048,Gastric ulcer,FULLY_SPECIFIED,,,,,,,,,Diagnosis,Text,,,,dhis2,,,,,,,,,,,,,,,,,,,,,,
Concept,MSFOCG,OpenMRS,,AA0049,da33d74e-33b3-495a-9d7c-aa00a-aa0049,Gastritis,FULLY_SPECIFIED,,,,,,,,,Diagnosis,Text,,,,dhis2,,,,,,,,,,,,,,,,,,,,,,
Concept,MSFOCG,OpenMRS,,AA0050,da33d74e-33b3-495a-9d7c-aa00a-aa0050,Gynaecological cases,FULLY_SPECIFIED,,,,,,,,,Diagnosis,Text,,,,dhis2,,,,,,,,,,,,,,,,,,,,,,
Concept,MSFOCG,OpenMRS,,AA0051,da33d74e-33b3-495a-9d7c-aa00a-aa0051,Healthy Patient for Medical certificate,FULLY_SPECIFIED,,,,,,,,,Diagnosis,Text,,,,dhis2,,,,,,,,,,,,,,,,,,,,,,
Concept,MSFOCG,OpenMRS,,AA0052,da33d74e-33b3-495a-9d7c-aa00a-aa0052,Hepatitis A,FULLY_SPECIFIED,,,,,,,,,Diagnosis,Text,,,,dhis2,,,,,,,,,,,,,,,,,,,,,,
Concept,MSFOCG,OpenMRS,,AA0053,da33d74e-33b3-495a-9d7c-aa00a-aa0053,Hepatitis B,FULLY_SPECIFIED,,,,,,,,,Diagnosis,Text,,,,dhis2,,,,,,,,,,,,,,,,,,,,,,
Concept,MSFOCG,OpenMRS,,AA0054,da33d74e-33b3-495a-9d7c-aa00a-aa0054,Hepatitis Delta,FULLY_SPECIFIED,,,,,,,,,Diagnosis,Text,,,,dhis2,,,,,,,,,,,,,,,,,,,,,,
Concept,MSFOCG,OpenMRS,,AA0055,da33d74e-33b3-495a-9d7c-aa00a-aa0055,Hepatitis E,FULLY_SPECIFIED,,,,,,,,,Diagnosis,Text,,,,dhis2,,,,,,,,,,,,,,,,,,,,,,
Concept,MSFOCG,OpenMRS,,AA0056,da33d74e-33b3-495a-9d7c-aa00a-aa0056,HIV infection (confirmed),FULLY_SPECIFIED,,,,,,,,,Diagnosis,Text,,,,dhis2,,,,,,,,,,,,,,,,,,,,,,
Concept,MSFOCG,OpenMRS,,AA0057,da33d74e-33b3-495a-9d7c-aa00a-aa0057,HIV infection (suspected),FULLY_SPECIFIED,,,,,,,,,Diagnosis,Text,,,,dhis2,,,,,,,,,,,,,,,,,,,,,,
Concept,MSFOCG,OpenMRS,,AA0058,da33d74e-33b3-495a-9d7c-aa00a-aa0058,Human African Trypanosomiasis,FULLY_SPECIFIED,,,,,,,,,Diagnosis,Text,,,,dhis2,,,,,,,,,,,,,,,,,,,,,,
Concept,MSFOCG,OpenMRS,,AA0059,da33d74e-33b3-495a-9d7c-aa00a-aa0059,Hyperglycemia,FULLY_SPECIFIED,,,,,,,,,Diagnosis,Text,,,,dhis2,,,,,,,,,,,,,,,,,,,,,,
Concept,MSFOCG,OpenMRS,,AA0060,da33d74e-33b3-495a-9d7c-aa00a-aa0060,Hyperreactive splenomegaly due to malaria,FULLY_SPECIFIED,,,,,,,,,Diagnosis,Text,,,,dhis2,,,,,,,,,,,,,,,,,,,,,,
Concept,MSFOCG,OpenMRS,,AA0061,da33d74e-33b3-495a-9d7c-aa00a-aa0061,Hypertension,FULLY_SPECIFIED,,,,,,,,,Diagnosis,Text,,,,dhis2,,,,,,,,,,,,,,,,,,,,,,
Concept,MSFOCG,OpenMRS,,AA0062,da33d74e-33b3-495a-9d7c-aa00a-aa0062,Hypertensive crisis,FULLY_SPECIFIED,,,,,,,,,Diagnosis,Text,,,,dhis2,,,,,,,,,,,,,,,,,,,,,,
Concept,MSFOCG,OpenMRS,,AA0063,da33d74e-33b3-495a-9d7c-aa00a-aa0063,Hypoglycemia,FULLY_SPECIFIED,,,,,,,,,Diagnosis,Text,,,,dhis2,,,,,,,,,,,,,,,,,,,,,,
Concept,MSFOCG,OpenMRS,,AA0064,da33d74e-33b3-495a-9d7c-aa00a-aa0064,Hypovolemic shock,FULLY_SPECIFIED,,,,,,,,,Diagnosis,Text,,,,dhis2,,,,,,,,,,,,,,,,,,,,,,
Concept,MSFOCG,OpenMRS,,AA0065,da33d74e-33b3-495a-9d7c-aa00a-aa0065,Infectious diseases not otherwise classified,FULLY_SPECIFIED,,,,,,,,,Diagnosis,Text,,,,dhis2,,,,,,,,,,,,,,,,,,,,,,
Concept,MSFOCG,OpenMRS,,AA0066,da33d74e-33b3-495a-9d7c-aa00a-aa0066,Intestinal parasitic infections,FULLY_SPECIFIED,,,,,,,,,Diagnosis,Text,,,,dhis2,,,,,,,,,,,,,,,,,,,,,,
Concept,MSFOCG,OpenMRS,,AA0067,da33d74e-33b3-495a-9d7c-aa00a-aa0067,Lower respiratory tract infection,FULLY_SPECIFIED,,,,,,,,,Diagnosis,Text,,,,dhis2,,,,,,,,,,,,,,,,,,,,,,
Concept,MSFOCG,OpenMRS,,AA0068,da33d74e-33b3-495a-9d7c-aa00a-aa0068,Measles (complicated),FULLY_SPECIFIED,,,,,,,,,Diagnosis,Text,,,,dhis2,,,,,,,,,,,,,,,,,,,,,,
Concept,MSFOCG,OpenMRS,,AA0069,da33d74e-33b3-495a-9d7c-aa00a-aa0069,Measles (suspected),FULLY_SPECIFIED,,,,,,,,,Diagnosis,Text,,,,dhis2,,,,,,,,,,,,,,,,,,,,,,
Concept,MSFOCG,OpenMRS,,AA0070,da33d74e-33b3-495a-9d7c-aa00a-aa0070,Measles (uncomplicated),FULLY_SPECIFIED,,,,,,,,,Diagnosis,Text,,,,dhis2,,,,,,,,,,,,,,,,,,,,,,
Concept,MSFOCG,OpenMRS,,AA0071,da33d74e-33b3-495a-9d7c-aa00a-aa0071,Meningeal TB,FULLY_SPECIFIED,,,,,,,,,Diagnosis,Text,,,,dhis2,,,,,,,,,,,,,,,,,,,,,,
Concept,MSFOCG,OpenMRS,,AA0072,da33d74e-33b3-495a-9d7c-aa00a-aa0072,Meningitis (suspected),FULLY_SPECIFIED,,,,,,,,,Diagnosis,Text,,,,dhis2,,,,,,,,,,,,,,,,,,,,,,
Concept,MSFOCG,OpenMRS,,AA0073,da33d74e-33b3-495a-9d7c-aa00a-aa0073,Meningitis unspecified,FULLY_SPECIFIED,,,,,,,,,Diagnosis,Text,,,,dhis2,,,,,,,,,,,,,,,,,,,,,,
Concept,MSFOCG,OpenMRS,,AA0074,da33d74e-33b3-495a-9d7c-aa00a-aa0074,Mental and psychiatric conditions,FULLY_SPECIFIED,,,,,,,,,Diagnosis,Text,,,,dhis2,,,,,,,,,,,,,,,,,,,,,,
Concept,MSFOCG,OpenMRS,,AA0075,da33d74e-33b3-495a-9d7c-aa00a-aa0075,Moderate acute malnutrition,FULLY_SPECIFIED,,,,,,,,,Diagnosis,Text,,,,dhis2,,,,,,,,,,,,,,,,,,,,,,
Concept,MSFOCG,OpenMRS,,AA0076,da33d74e-33b3-495a-9d7c-aa00a-aa0076,Musculoskeletal conditions (infectious origin),FULLY_SPECIFIED,,,,,,,,,Diagnosis,Text,,,,dhis2,,,,,,,,,,,,,,,,,,,,,,
Concept,MSFOCG,OpenMRS,,AA0077,da33d74e-33b3-495a-9d7c-aa00a-aa0077,Musculoskeletal conditions (non-infectious),FULLY_SPECIFIED,,,,,,,,,Diagnosis,Text,,,,dhis2,,,,,,,,,,,,,,,,,,,,,,
Concept,MSFOCG,OpenMRS,,AA0078,da33d74e-33b3-495a-9d7c-aa00a-aa0078,Necrotizing & bullous skin infections,FULLY_SPECIFIED,,,,,,,,,Diagnosis,Text,,,,dhis2,,,,,,,,,,,,,,,,,,,,,,
Concept,MSFOCG,OpenMRS,,AA0079,da33d74e-33b3-495a-9d7c-aa00a-aa0079,Neglected tropical diseases,FULLY_SPECIFIED,,,,,,,,,Diagnosis,Text,,,,dhis2,,,,,,,,,,,,,,,,,,,,,,
Concept,MSFOCG,OpenMRS,,AA0080,da33d74e-33b3-495a-9d7c-aa00a-aa0080,Neonatal conjunctivitis,FULLY_SPECIFIED,,,,,,,,,Diagnosis,Text,,,,dhis2,,,,,,,,,,,,,,,,,,,,,,
Concept,MSFOCG,OpenMRS,,AA0081,da33d74e-33b3-495a-9d7c-aa00a-aa0081,Neonatal convulsions,FULLY_SPECIFIED,,,,,,,,,Diagnosis,Text,,,,dhis2,,,,,,,,,,,,,,,,,,,,,,
Concept,MSFOCG,OpenMRS,,AA0082,da33d74e-33b3-495a-9d7c-aa00a-aa0082,Neonatal infectious diseases,FULLY_SPECIFIED,,,,,,,,,Diagnosis,Text,,,,dhis2,,,,,,,,,,,,,,,,,,,,,,
Concept,MSFOCG,OpenMRS,,AA0083,da33d74e-33b3-495a-9d7c-aa00a-aa0083,Neonatal jaundice,FULLY_SPECIFIED,,,,,,,,,Diagnosis,Text,,,,dhis2,,,,,,,,,,,,,,,,,,,,,,
Concept,MSFOCG,OpenMRS,,AA0084,da33d74e-33b3-495a-9d7c-aa00a-aa0084,Neonatal meconial aspiration,FULLY_SPECIFIED,,,,,,,,,Diagnosis,Text,,,,dhis2,,,,,,,,,,,,,,,,,,,,,,
Concept,MSFOCG,OpenMRS,,AA0085,da33d74e-33b3-495a-9d7c-aa00a-aa0085,Neonatal Necrotizing Enterocolitis,FULLY_SPECIFIED,,,,,,,,,Diagnosis,Text,,,,dhis2,,,,,,,,,,,,,,,,,,,,,,
Concept,MSFOCG,OpenMRS,,AA0086,da33d74e-33b3-495a-9d7c-aa00a-aa0086,Neonatal non infectious conditions,FULLY_SPECIFIED,,,,,,,,,Diagnosis,Text,,,,dhis2,,,,,,,,,,,,,,,,,,,,,,
Concept,MSFOCG,OpenMRS,,AA0087,da33d74e-33b3-495a-9d7c-aa00a-aa0087,Neonatal pneumonia,FULLY_SPECIFIED,,,,,,,,,Diagnosis,Text,,,,dhis2,,,,,,,,,,,,,,,,,,,,,,
Concept,MSFOCG,OpenMRS,,AA0088,da33d74e-33b3-495a-9d7c-aa00a-aa0088,Neonatal pneumothorax,FULLY_SPECIFIED,,,,,,,,,Diagnosis,Text,,,,dhis2,,,,,,,,,,,,,,,,,,,,,,
Concept,MSFOCG,OpenMRS,,AA0089,da33d74e-33b3-495a-9d7c-aa00a-aa0089,Neonatal tuberculosis,FULLY_SPECIFIED,,,,,,,,,Diagnosis,Text,,,,dhis2,,,,,,,,,,,,,,,,,,,,,,
Concept,MSFOCG,OpenMRS,,AA0090,da33d74e-33b3-495a-9d7c-aa00a-aa0090,Nephrotic Syndrome & Acute Glomerulonephritis,FULLY_SPECIFIED,,,,,,,,,Diagnosis,Text,,,,dhis2,,,,,,,,,,,,,,,,,,,,,,
Concept,MSFOCG,OpenMRS,,AA0091,da33d74e-33b3-495a-9d7c-aa00a-aa0091,Newborn to an HIV+ mother,FULLY_SPECIFIED,,,,,,,,,Diagnosis,Text,,,,dhis2,,,,,,,,,,,,,,,,,,,,,,
Concept,MSFOCG,OpenMRS,,AA0092,da33d74e-33b3-495a-9d7c-aa00a-aa0092,Non cardiac congenital  pathology,FULLY_SPECIFIED,,,,,,,,,Diagnosis,Text,,,,dhis2,,,,,,,,,,,,,,,,,,,,,,
Concept,MSFOCG,OpenMRS,,AA0093,da33d74e-33b3-495a-9d7c-aa00a-aa0093,Non urgent surgical conditions,FULLY_SPECIFIED,,,,,,,,,Diagnosis,Text,,,,dhis2,,,,,,,,,,,,,,,,,,,,,,
Concept,MSFOCG,OpenMRS,,AA0094,da33d74e-33b3-495a-9d7c-aa00a-aa0094,Non violence-related injuries,FULLY_SPECIFIED,,,,,,,,,Diagnosis,Text,,,,dhis2,,,,,,,,,,,,,,,,,,,,,,
Concept,MSFOCG,OpenMRS,,AA0095,da33d74e-33b3-495a-9d7c-aa00a-aa0095,Observation,FULLY_SPECIFIED,,,,,,,,,Diagnosis,Text,,,,dhis2,,,,,,,,,,,,,,,,,,,,,,
Concept,MSFOCG,OpenMRS,,AA0096,da33d74e-33b3-495a-9d7c-aa00a-aa0096,Obstetric cases,FULLY_SPECIFIED,,,,,,,,,Diagnosis,Text,,,,dhis2,,,,,,,,,,,,,,,,,,,,,,
Concept,MSFOCG,OpenMRS,,AA0097,da33d74e-33b3-495a-9d7c-aa00a-aa0097,Oral and digestive severe candidiasis,FULLY_SPECIFIED,,,,,,,,,Diagnosis,Text,,,,dhis2,,,,,,,,,,,,,,,,,,,,,,
Concept,MSFOCG,OpenMRS,,AA0098,da33d74e-33b3-495a-9d7c-aa00a-aa0098,Other bites and stings,FULLY_SPECIFIED,,,,,,,,,Diagnosis,Text,,,,dhis2,,,,,,,,,,,,,,,,,,,,,,
Concept,MSFOCG,OpenMRS,,AA0099,da33d74e-33b3-495a-9d7c-aa00a-aa0099,Other gastrointestinal diseases,FULLY_SPECIFIED,,,,,,,,,Diagnosis,Text,,,,dhis2,,,,,,,,,,,,,,,,,,,,,,
Concept,MSFOCG,OpenMRS,,AA0100,da33d74e-33b3-495a-9d7c-aa00a-aa0100,Other neglected tropical diseases,FULLY_SPECIFIED,,,,,,,,,Diagnosis,Text,,,,dhis2,,,,,,,,,,,,,,,,,,,,,,
Concept,MSFOCG,OpenMRS,,AA0101,da33d74e-33b3-495a-9d7c-aa00a-aa0101,Other neonatal conditions,FULLY_SPECIFIED,,,,,,,,,Diagnosis,Text,,,,dhis2,,,,,,,,,,,,,,,,,,,,,,
Concept,MSFOCG,OpenMRS,,AA0102,da33d74e-33b3-495a-9d7c-aa00a-aa0102,Other neurological conditions,FULLY_SPECIFIED,,,,,,,,,Diagnosis,Text,,,,dhis2,,,,,,,,,,,,,,,,,,,,,,
Concept,MSFOCG,OpenMRS,,AA0103,da33d74e-33b3-495a-9d7c-aa00a-aa0103,Other non communicable diseases,FULLY_SPECIFIED,,,,,,,,,Diagnosis,Text,,,,dhis2,,,,,,,,,,,,,,,,,,,,,,
Concept,MSFOCG,OpenMRS,,AA0104,da33d74e-33b3-495a-9d7c-aa00a-aa0104,Other skin and soft tissue conditions,FULLY_SPECIFIED,,,,,,,,,Diagnosis,Text,,,,dhis2,,,,,,,,,,,,,,,,,,,,,,
Concept,MSFOCG,OpenMRS,,AA0105,da33d74e-33b3-495a-9d7c-aa00a-aa0105,Other symptoms and abnor. clinical / lab findings,FULLY_SPECIFIED,,,,,,,,,Diagnosis,Text,,,,dhis2,,,,,,,,,,,,,,,,,,,,,,
Concept,MSFOCG,OpenMRS,,AA0106,da33d74e-33b3-495a-9d7c-aa00a-aa0106,Others,FULLY_SPECIFIED,,,,,,,,,Diagnosis,Text,,,,dhis2,,,,,,,,,,,,,,,,,,,,,,
Concept,MSFOCG,OpenMRS,,AA0107,da33d74e-33b3-495a-9d7c-aa00a-aa0107,Perinatal asphyxia and complications,FULLY_SPECIFIED,,,,,,,,,Diagnosis,Text,,,,dhis2,,,,,,,,,,,,,,,,,,,,,,
Concept,MSFOCG,OpenMRS,,AA0108,da33d74e-33b3-495a-9d7c-aa00a-aa0108,Persistent fever ( >7 days),FULLY_SPECIFIED,,,,,,,,,Diagnosis,Text,,,,dhis2,,,,,,,,,,,,,,,,,,,,,,
Concept,MSFOCG,OpenMRS,,AA0109,da33d74e-33b3-495a-9d7c-aa00a-aa0109,Poliomyelitis confirmed,FULLY_SPECIFIED,,,,,,,,,Diagnosis,Text,,,,dhis2,,,,,,,,,,,,,,,,,,,,,,
Concept,MSFOCG,OpenMRS,,AA0110,da33d74e-33b3-495a-9d7c-aa00a-aa0110,Post surgical infection,FULLY_SPECIFIED,,,,,,,,,Diagnosis,Text,,,,dhis2,,,,,,,,,,,,,,,,,,,,,,
Concept,MSFOCG,OpenMRS,,AA0111,da33d74e-33b3-495a-9d7c-aa00a-aa0111,Prematurity and/or low birth weight,FULLY_SPECIFIED,,,,,,,,,Diagnosis,Text,,,,dhis2,,,,,,,,,,,,,,,,,,,,,,
Concept,MSFOCG,OpenMRS,,AA0112,da33d74e-33b3-495a-9d7c-aa00a-aa0112,Pulmonary tuberculosis,FULLY_SPECIFIED,,,,,,,,,Diagnosis,Text,,,,dhis2,,,,,,,,,,,,,,,,,,,,,,
Concept,MSFOCG,OpenMRS,,AA0113,da33d74e-33b3-495a-9d7c-aa00a-aa0113,Pulmonary tuberculosis (suspected),FULLY_SPECIFIED,,,,,,,,,Diagnosis,Text,,,,dhis2,,,,,,,,,,,,,,,,,,,,,,
Concept,MSFOCG,OpenMRS,,AA0114,da33d74e-33b3-495a-9d7c-aa00a-aa0114,Rabies,FULLY_SPECIFIED,,,,,,,,,Diagnosis,Text,,,,dhis2,,,,,,,,,,,,,,,,,,,,,,
Concept,MSFOCG,OpenMRS,,AA0115,da33d74e-33b3-495a-9d7c-aa00a-aa0115,Rheumatic heart disease,FULLY_SPECIFIED,,,,,,,,,Diagnosis,Text,,,,dhis2,,,,,,,,,,,,,,,,,,,,,,
Concept,MSFOCG,OpenMRS,,AA0116,da33d74e-33b3-495a-9d7c-aa00a-aa0116,Risk of sepsis,FULLY_SPECIFIED,,,,,,,,,Diagnosis,Text,,,,dhis2,,,,,,,,,,,,,,,,,,,,,,
Concept,MSFOCG,OpenMRS,,AA0117,da33d74e-33b3-495a-9d7c-aa00a-aa0117,Septic shock,FULLY_SPECIFIED,,,,,,,,,Diagnosis,Text,,,,dhis2,,,,,,,,,,,,,,,,,,,,,,
Concept,MSFOCG,OpenMRS,,AA0118,da33d74e-33b3-495a-9d7c-aa00a-aa0118,Severe acute malnutrition,FULLY_SPECIFIED,,,,,,,,,Diagnosis,Text,,,,dhis2,,,,,,,,,,,,,,,,,,,,,,
Concept,MSFOCG,OpenMRS,,AA0119,da33d74e-33b3-495a-9d7c-aa00a-aa0119,Severe Acute Malnutrition (Kwashiorkor),FULLY_SPECIFIED,,,,,,,,,Diagnosis,Text,,,,dhis2,,,,,,,,,,,,,,,,,,,,,,
Concept,MSFOCG,OpenMRS,,AA0120,da33d74e-33b3-495a-9d7c-aa00a-aa0120,Severe Acute Malnutrition (Marasmus - Kwashiorkor),FULLY_SPECIFIED,,,,,,,,,Diagnosis,Text,,,,dhis2,,,,,,,,,,,,,,,,,,,,,,
Concept,MSFOCG,OpenMRS,,AA0121,da33d74e-33b3-495a-9d7c-aa00a-aa0121,Severe Acute Malnutrition (Marasmus),FULLY_SPECIFIED,,,,,,,,,Diagnosis,Text,,,,dhis2,,,,,,,,,,,,,,,,,,,,,,
Concept,MSFOCG,OpenMRS,,AA0122,da33d74e-33b3-495a-9d7c-aa00a-aa0122,Severe anaemia,FULLY_SPECIFIED,,,,,,,,,Diagnosis,Text,,,,dhis2,,,,,,,,,,,,,,,,,,,,,,
Concept,MSFOCG,OpenMRS,,AA0123,da33d74e-33b3-495a-9d7c-aa00a-aa0123,Severe dehydration,FULLY_SPECIFIED,,,,,,,,,Diagnosis,Text,,,,dhis2,,,,,,,,,,,,,,,,,,,,,,
Concept,MSFOCG,OpenMRS,,AA0124,da33d74e-33b3-495a-9d7c-aa00a-aa0124,Severe malaria,FULLY_SPECIFIED,,,,,,,,,Diagnosis,Text,,,,dhis2,,,,,,,,,,,,,,,,,,,,,,
Concept,MSFOCG,OpenMRS,,AA0125,da33d74e-33b3-495a-9d7c-aa00a-aa0125,Sexual violence / rape,FULLY_SPECIFIED,,,,,,,,,Diagnosis,Text,,,,dhis2,,,,,,,,,,,,,,,,,,,,,,
Concept,MSFOCG,OpenMRS,,AA0126,da33d74e-33b3-495a-9d7c-aa00a-aa0126,Sexually transmitted disease (STI),FULLY_SPECIFIED,,,,,,,,,Diagnosis,Text,,,,dhis2,,,,,,,,,,,,,,,,,,,,,,
Concept,MSFOCG,OpenMRS,,AA0127,da33d74e-33b3-495a-9d7c-aa00a-aa0127,Shigellosis/Salmonellosis,FULLY_SPECIFIED,,,,,,,,,Diagnosis,Text,,,,dhis2,,,,,,,,,,,,,,,,,,,,,,
Concept,MSFOCG,OpenMRS,,AA0128,da33d74e-33b3-495a-9d7c-aa00a-aa0128,Shock unspecified,FULLY_SPECIFIED,,,,,,,,,Diagnosis,Text,,,,dhis2,,,,,,,,,,,,,,,,,,,,,,
Concept,MSFOCG,OpenMRS,,AA0129,da33d74e-33b3-495a-9d7c-aa00a-aa0129,Sickle Cell Anaemia,FULLY_SPECIFIED,,,,,,,,,Diagnosis,Text,,,,dhis2,,,,,,,,,,,,,,,,,,,,,,
Concept,MSFOCG,OpenMRS,,AA0130,da33d74e-33b3-495a-9d7c-aa00a-aa0130,Sickle cell disease,FULLY_SPECIFIED,,,,,,,,,Diagnosis,Text,,,,dhis2,,,,,,,,,,,,,,,,,,,,,,
Concept,MSFOCG,OpenMRS,,AA0131,da33d74e-33b3-495a-9d7c-aa00a-aa0131,Simple malaria,FULLY_SPECIFIED,,,,,,,,,Diagnosis,Text,,,,dhis2,,,,,,,,,,,,,,,,,,,,,,
Concept,MSFOCG,OpenMRS,,AA0132,da33d74e-33b3-495a-9d7c-aa00a-aa0132,Skin and soft tissue conditions,FULLY_SPECIFIED,,,,,,,,,Diagnosis,Text,,,,dhis2,,,,,,,,,,,,,,,,,,,,,,
Concept,MSFOCG,OpenMRS,,AA0133,da33d74e-33b3-495a-9d7c-aa00a-aa0133,Skin lesions due to kwashiorkor,FULLY_SPECIFIED,,,,,,,,,Diagnosis,Text,,,,dhis2,,,,,,,,,,,,,,,,,,,,,,
Concept,MSFOCG,OpenMRS,,AA0134,da33d74e-33b3-495a-9d7c-aa00a-aa0134,Snake bites,FULLY_SPECIFIED,,,,,,,,,Diagnosis,Text,,,,dhis2,,,,,,,,,,,,,,,,,,,,,,
Concept,MSFOCG,OpenMRS,,AA0135,da33d74e-33b3-495a-9d7c-aa00a-aa0135,Stroke / CVA,FULLY_SPECIFIED,,,,,,,,,Diagnosis,Text,,,,dhis2,,,,,,,,,,,,,,,,,,,,,,
Concept,MSFOCG,OpenMRS,,AA0136,da33d74e-33b3-495a-9d7c-aa00a-aa0136,Substance abuse / dependency,FULLY_SPECIFIED,,,,,,,,,Diagnosis,Text,,,,dhis2,,,,,,,,,,,,,,,,,,,,,,
Concept,MSFOCG,OpenMRS,,AA0137,da33d74e-33b3-495a-9d7c-aa00a-aa0137,Suspected or confirmed malignancy,FULLY_SPECIFIED,,,,,,,,,Diagnosis,Text,,,,dhis2,,,,,,,,,,,,,,,,,,,,,,
Concept,MSFOCG,OpenMRS,,AA0138,da33d74e-33b3-495a-9d7c-aa00a-aa0138,Tetanus,FULLY_SPECIFIED,,,,,,,,,Diagnosis,Text,,,,dhis2,,,,,,,,,,,,,,,,,,,,,,
Concept,MSFOCG,OpenMRS,,AA0139,da33d74e-33b3-495a-9d7c-aa00a-aa0139,Toxicity / poisoning,FULLY_SPECIFIED,,,,,,,,,Diagnosis,Text,,,,dhis2,,,,,,,,,,,,,,,,,,,,,,
Concept,MSFOCG,OpenMRS,,AA0140,da33d74e-33b3-495a-9d7c-aa00a-aa0140,Transient tachypnoea of the newborn,FULLY_SPECIFIED,,,,,,,,,Diagnosis,Text,,,,dhis2,,,,,,,,,,,,,,,,,,,,,,
Concept,MSFOCG,OpenMRS,,AA0141,da33d74e-33b3-495a-9d7c-aa00a-aa0141,Typhoid fever,FULLY_SPECIFIED,,,,,,,,,Diagnosis,Text,,,,dhis2,,,,,,,,,,,,,,,,,,,,,,
Concept,MSFOCG,OpenMRS,,AA0142,da33d74e-33b3-495a-9d7c-aa00a-aa0142,Upper respiratory tract infection,FULLY_SPECIFIED,,,,,,,,,Diagnosis,Text,,,,dhis2,,,,,,,,,,,,,,,,,,,,,,
Concept,MSFOCG,OpenMRS,,AA0143,da33d74e-33b3-495a-9d7c-aa00a-aa0143,Upper UTI,FULLY_SPECIFIED,,,,,,,,,Diagnosis,Text,,,,dhis2,,,,,,,,,,,,,,,,,,,,,,
Concept,MSFOCG,OpenMRS,,AA0144,da33d74e-33b3-495a-9d7c-aa00a-aa0144,Urgent surgical conditions,FULLY_SPECIFIED,,,,,,,,,Diagnosis,Text,,,,dhis2,,,,,,,,,,,,,,,,,,,,,,
Concept,MSFOCG,OpenMRS,,AA0145,da33d74e-33b3-495a-9d7c-aa00a-aa0145,Urolithiasis / Renal colic,FULLY_SPECIFIED,,,,,,,,,Diagnosis,Text,,,,dhis2,,,,,,,,,,,,,,,,,,,,,,
Concept,MSFOCG,OpenMRS,,AA0146,da33d74e-33b3-495a-9d7c-aa00a-aa0146,UTI and renal tract acute pathology,FULLY_SPECIFIED,,,,,,,,,Diagnosis,Text,,,,dhis2,,,,,,,,,,,,,,,,,,,,,,
Concept,MSFOCG,OpenMRS,,AA0147,da33d74e-33b3-495a-9d7c-aa00a-aa0147,Varicella,FULLY_SPECIFIED,,,,,,,,,Diagnosis,Text,,,,dhis2,,,,,,,,,,,,,,,,,,,,,,
Concept,MSFOCG,OpenMRS,,AA0148,da33d74e-33b3-495a-9d7c-aa00a-aa0148,Violence-related injuries,FULLY_SPECIFIED,,,,,,,,,Diagnosis,Text,,,,dhis2,,,,,,,,,,,,,,,,,,,,,,
Concept,MSFOCG,OpenMRS,,AA0149,da33d74e-33b3-495a-9d7c-aa00a-aa0149,Viral haemorrhagic fevers,FULLY_SPECIFIED,,,,,,,,,Diagnosis,Text,,,,dhis2,,,,,,,,,,,,,,,,,,,,,,
Concept,MSFOCG,OpenMRS,,AA0150,da33d74e-33b3-495a-9d7c-aa00a-aa0150,Visceral leishmaniasis,FULLY_SPECIFIED,,,,,,,,,Diagnosis,Text,,,,dhis2,,,,,,,,,,,,,,,,,,,,,,
Concept,MSFOCG,OpenMRS,,AA0151,da33d74e-33b3-495a-9d7c-aa00a-aa0151,Vit A deficiency,FULLY_SPECIFIED,,,,,,,,,Diagnosis,Text,,,,dhis2,,,,,,,,,,,,,,,,,,,,,,
Concept,MSFOCG,OpenMRS,,AA0152,da33d74e-33b3-495a-9d7c-aa00a-aa0152,Vit B complex deficiency,FULLY_SPECIFIED,,,,,,,,,Diagnosis,Text,,,,dhis2,,,,,,,,,,,,,,,,,,,,,,
Concept,MSFOCG,OpenMRS,,AA0153,da33d74e-33b3-495a-9d7c-aa00a-aa0153,Vit C deficiency (scurvy),FULLY_SPECIFIED,,,,,,,,,Diagnosis,Text,,,,dhis2,,,,,,,,,,,,,,,,,,,,,,
Concept,MSFOCG,OpenMRS,,AA0154,da33d74e-33b3-495a-9d7c-aa00a-aa0154,Vit D deficiency (rickets),FULLY_SPECIFIED,,,,,,,,,Diagnosis,Text,,,,dhis2,,,,,,,,,,,,,,,,,,,,,,
Concept,MSFOCG,OpenMRS,,AA0155,da33d74e-33b3-495a-9d7c-aa00a-aa0155,"Vitamin deficiencies (A, B, C, D, PP)",FULLY_SPECIFIED,,,,,,,,,Diagnosis,Text,,,,dhis2,,,,,,,,,,,,,,,,,,,,,,
Concept,MSFOCG,OpenMRS,,AA0156,da33d74e-33b3-495a-9d7c-aa00a-aa0156,Whooping cough,FULLY_SPECIFIED,,,,,,,,,Diagnosis,Text,,,,dhis2,,,,,,,,,,,,,,,,,,,,,,
Concept,MSFOCG,OpenMRS,,AA0157,da33d74e-33b3-495a-9d7c-aa00a-aa0157,Whooping cough (suspected),FULLY_SPECIFIED,,,,,,,,,Diagnosis,Text,,,,dhis2,,,,,,,,,,,,,,,,,,,,,,
Concept,MSFOCG,OpenMRS,,AA0158,da33d74e-33b3-495a-9d7c-aa00a-aa0158,Yellow fever,FULLY_SPECIFIED,,,,,,,,,Diagnosis,Text,,,,dhis2,,,,,,,,,,,,,,,,,,,,,,
Concept,MSFOCG,OpenMRS,,AA0159,da33d74e-33b3-495a-9d7c-aa00a-aa0159,Possible Diagnosis,FULLY_SPECIFIED,,,,,,,,,Misc,Coded,,,,SMSTCARD4OE,,,,,,,,,,,,,,,,,,,,,,
Concept,MSFOCG,OpenMRS,,AA0160,da33d74e-33b3-495a-9d7c-aa00a-aa0160,Final Diagnosis,FULLY_SPECIFIED,,,,,,,,,Misc,Coded,,,,SMSTCARD4OE,,,,,,,,,,,,,,,,,,,,,,
Concept,MSFOCG,OpenMRS,,AA0161,da33d74e-33b3-495a-9d7c-aa00a-aa0161,Current problems,FULLY_SPECIFIED,,,,,,,,,Misc,Coded,,,,SMSTCARD4OE,,,,,,,,,,,,,,,,,,,,,,
Concept,MSFOCG,OpenMRS,,AA0162,da33d74e-33b3-495a-9d7c-aa00a-aa0162,Current problems - Other,FULLY_SPECIFIED,,,,,,,,,Misc,Text,,,,SMSTCARD4OE,,,,,,,,,,,,,,,,,,,,,,
Concept,MSFOCG,OpenMRS,,AA0163,da33d74e-33b3-495a-9d7c-aa00a-aa0163,Patient coming from,FULLY_SPECIFIED,,,,,,,,,Misc,Coded,,,,SMSTCARD4OE,,,,,,,,,,,,,,,,,,,,,,
Concept,MSFOCG,OpenMRS,,AA0164,da33d74e-33b3-495a-9d7c-aa00a-aa0164,Home,FULLY_SPECIFIED,,,,,,,,,Misc,Text,,,,SMSTCARD4OE,,,,,,,,,,,,,,,,,,,,,,
Concept,MSFOCG,OpenMRS,,AA0165,da33d74e-33b3-495a-9d7c-aa00a-aa0165,Emergency room (ER),FULLY_SPECIFIED,,,,,,,,,Misc,Text,,,,SMSTCARD4OE,,,,,,,,,,,,,,,,,,,,,,
Concept,MSFOCG,OpenMRS,,AA0166,da33d74e-33b3-495a-9d7c-aa00a-aa0166,Health facility,FULLY_SPECIFIED,,منشاة صحية,FULLY_SPECIFIED,ar,,,,,Misc,Text,,,,SMSTCARD4OE,,,,,,,,,,,,,,,,,,,,,,
Concept,MSFOCG,OpenMRS,,AA0167,da33d74e-33b3-495a-9d7c-aa00a-aa0167,NGO,FULLY_SPECIFIED,,,,,,,,,Misc,Text,,,,SMSTCARD4OE,,,,,,,,,,,,,,,,,,,,,,
Concept,MSFOCG,OpenMRS,,AA0168,da33d74e-33b3-495a-9d7c-aa00a-aa0168,Operation theatre (OT),FULLY_SPECIFIED,,,,,,,,,Misc,Text,,,,SMSTCARD4OE,,,,,,,,,,,,,,,,,,,,,,
Concept,MSFOCG,OpenMRS,,AA0169,da33d74e-33b3-495a-9d7c-aa00a-aa0169,Intensive care unit (ICU),FULLY_SPECIFIED,,,,,,,,,Misc,Text,,,,SMSTCARD4OE,,,,,,,,,,,,,,,,,,,,,,
Concept,MSFOCG,OpenMRS,,AA0170,da33d74e-33b3-495a-9d7c-aa00a-aa0170,Maternity,FULLY_SPECIFIED,,,,,,,,,Misc,Text,,,,SMSTCARD4OE,,,,,,,,,,,,,,,,,,,,,,
Concept,MSFOCG,OpenMRS,,AA0171,da33d74e-33b3-495a-9d7c-aa00a-aa0171,Chief complaint,FULLY_SPECIFIED,,,,,,,,,Misc,Text,Reason for the presentation on this visit and history of this illness,,,SMSTCARD4OE,,,,,,,,,,,,,,,,,,,,,,
Concept,MSFOCG,OpenMRS,,AA0172,da33d74e-33b3-495a-9d7c-aa00a-aa0172,Past medical history,FULLY_SPECIFIED,,,,,,,,,Misc,Text,"Medical, surgical,obstetric, gynaecology. Childhood illness-if under 18",,,SMSTCARD4OE,,,,,,,,,,,,,,,,,,,,,,
Concept,MSFOCG,OpenMRS,,AA0173,da33d74e-33b3-495a-9d7c-aa00a-aa0173,Clinical assessment,FULLY_SPECIFIED,,,,,,,,,Misc,Coded,,,,SMSTCARD4OE,,,,,,,,,,,,,,,,,,,,,,
Concept,MSFOCG,OpenMRS,,AA0174,da33d74e-33b3-495a-9d7c-aa00a-aa0174,Skin,FULLY_SPECIFIED,,,,,,,,,Misc,Text,,,,SMSTCARD4OE,,,,,,,,,,,,,,,,,,,,,,
Concept,MSFOCG,OpenMRS,,AA0175,da33d74e-33b3-495a-9d7c-aa00a-aa0175,Lungs,FULLY_SPECIFIED,,,,,,,,,Misc,Text,,,,SMSTCARD4OE,,,,,,,,,,,,,,,,,,,,,,
Concept,MSFOCG,OpenMRS,,AA0176,da33d74e-33b3-495a-9d7c-aa00a-aa0176,Cardiovascular system,FULLY_SPECIFIED,,,,,,,,,Misc,Text,,,,SMSTCARD4OE,,,,,,,,,,,,,,,,,,,,,,
Concept,MSFOCG,OpenMRS,,AA0177,da33d74e-33b3-495a-9d7c-aa00a-aa0177,Entry triage color code,FULLY_SPECIFIED,,,,,,,,,Misc,Text,,,,dhis2,,,,,,,,,,,,,,,,,,,,,,
Concept,MSFOCG,OpenMRS,,AA0178,da33d74e-33b3-495a-9d7c-aa00a-aa0178,DOA,FULLY_SPECIFIED,,,,,,,,,Misc,Text,,,,dhis2,,,,,,,,,,,,,,,,,,,,,,
Concept,MSFOCG,OpenMRS,,AA0179,da33d74e-33b3-495a-9d7c-aa00a-aa0179,Red,FULLY_SPECIFIED,,,,,,,,,Misc,Text,,,,dhis2,,,,,,,,,,,,,,,,,,,,,,
Concept,MSFOCG,OpenMRS,,AA0180,da33d74e-33b3-495a-9d7c-aa00a-aa0180,Yellow,FULLY_SPECIFIED,,,,,,,,,Misc,Text,,,,dhis2,,,,,,,,,,,,,,,,,,,,,,
Concept,MSFOCG,OpenMRS,,AA0181,da33d74e-33b3-495a-9d7c-aa00a-aa0181,Green,FULLY_SPECIFIED,,,,,,,,,Misc,Text,,,,dhis2,,,,,,,,,,,,,,,,,,,,,,
Concept,MSFOCG,OpenMRS,,AA0182,da33d74e-33b3-495a-9d7c-aa00a-aa0182,"Case history ",FULLY_SPECIFIED,,,,,,,,,Misc,Coded,,,,SMSTCARD4OE,,,,,,,,,,,,,,,,,,,,,,
Concept,MSFOCG,OpenMRS,,AA0183,da33d74e-33b3-495a-9d7c-aa00a-aa0183,G.UR.syst,FULLY_SPECIFIED,,,,,,,,,Misc,Text,,,,SMSTCARD4OE,,,,,,,,,,,,,,,,,,,,,,
Concept,MSFOCG,OpenMRS,,AA0184,da33d74e-33b3-495a-9d7c-aa00a-aa0184,Neuro,FULLY_SPECIFIED,,,,,,,,,Misc,Text,,,,SMSTCARD4OE,,,,,,,,,,,,,,,,,,,,,,
Concept,MSFOCG,OpenMRS,,AA0185,da33d74e-33b3-495a-9d7c-aa00a-aa0185,Osteo articular syst,FULLY_SPECIFIED,,,,,,,,,Misc,Text,,,,SMSTCARD4OE,,,,,,,,,,,,,,,,,,,,,,
Concept,MSFOCG,OpenMRS,,AA0186,da33d74e-33b3-495a-9d7c-aa00a-aa0186,Drums/ Throat,FULLY_SPECIFIED,,,,,,,,,Misc,Text,,,,SMSTCARD4OE,,,,,,,,,,,,,,,,,,,,,,
Concept,MSFOCG,OpenMRS,,AA0187,da33d74e-33b3-495a-9d7c-aa00a-aa0187,Lymphatic system,FULLY_SPECIFIED,,,,,,,,,Misc,Text,,,,SMSTCARD4OE,,,,,,,,,,,,,,,,,,,,,,
Concept,MSFOCG,OpenMRS,,AA0188,da33d74e-33b3-495a-9d7c-aa00a-aa0188,Other medical problems,FULLY_SPECIFIED,,,,,,,,,Misc,Text,,,,SMSTCARD4OE,,,,,,,,,,,,,,,,,,,,,,
Concept,MSFOCG,OpenMRS,,AA0189,da33d74e-33b3-495a-9d7c-aa00a-aa0189,Comments,FULLY_SPECIFIED,,,,,,,,,Misc,Text,,,,SMSTCARD4OE,,,,,,,,,,,,,,,,,,,,,,
Concept,MSFOCG,OpenMRS,,AA0190,da33d74e-33b3-495a-9d7c-aa00a-aa0190,Hypertension,FULLY_SPECIFIED,,,,,,,,,Misc,Text,,,,SMSTCARD4OE,,,,,,,,,,,,,,,,,,,,,,
Concept,MSFOCG,OpenMRS,,AA0191,da33d74e-33b3-495a-9d7c-aa00a-aa0191,Palpitations,FULLY_SPECIFIED,,,,,,,,,Misc,Text,,,,SMSTCARD4OE,,,,,,,,,,,,,,,,,,,,,,
Concept,MSFOCG,OpenMRS,,AA0192,da33d74e-33b3-495a-9d7c-aa00a-aa0192,Dyspnea,FULLY_SPECIFIED,,,,,,,,,Misc,Text,,,,SMSTCARD4OE,,,,,,,,,,,,,,,,,,,,,,
Concept,MSFOCG,OpenMRS,,AA0193,da33d74e-33b3-495a-9d7c-aa00a-aa0193,Asthma,FULLY_SPECIFIED,,,,,,,,,Misc,Text,,,,SMSTCARD4OE,,,,,,,,,,,,,,,,,,,,,,
Concept,MSFOCG,OpenMRS,,AA0194,da33d74e-33b3-495a-9d7c-aa00a-aa0194,Tuberculosis,FULLY_SPECIFIED,,,,,,,,,Misc,Text,,,,SMSTCARD4OE,,,,,,,,,,,,,,,,,,,,,,
Concept,MSFOCG,OpenMRS,,AA0195,da33d74e-33b3-495a-9d7c-aa00a-aa0195,Diabetes Mellitus,FULLY_SPECIFIED,,,,,,,,,Misc,Text,,,,SMSTCARD4OE,,,,,,,,,,,,,,,,,,,,,,
Concept,MSFOCG,OpenMRS,,AA0196,da33d74e-33b3-495a-9d7c-aa00a-aa0196,Angina,FULLY_SPECIFIED,,,,,,,,,Misc,Text,,,,SMSTCARD4OE,,,,,,,,,,,,,,,,,,,,,,
Concept,MSFOCG,OpenMRS,,AA0197,da33d74e-33b3-495a-9d7c-aa00a-aa0197,Peptic Ulcer,FULLY_SPECIFIED,,,,,,,,,Misc,Text,,,,SMSTCARD4OE,,,,,,,,,,,,,,,,,,,,,,
Concept,MSFOCG,OpenMRS,,AA0198,da33d74e-33b3-495a-9d7c-aa00a-aa0198,Jaundice,FULLY_SPECIFIED,,,,,,,,,Misc,Text,,,,SMSTCARD4OE,,,,,,,,,,,,,,,,,,,,,,
Concept,MSFOCG,OpenMRS,,AA0199,da33d74e-33b3-495a-9d7c-aa00a-aa0199,Epilepsy,FULLY_SPECIFIED,,,,,,,,,Misc,Text,,,,SMSTCARD4OE,,,,,,,,,,,,,,,,,,,,,,
Concept,MSFOCG,OpenMRS,,AA0200,da33d74e-33b3-495a-9d7c-aa00a-aa0200,Hepatitis,FULLY_SPECIFIED,,,,,,,,,Misc,Text,,,,SMSTCARD4OE,,,,,,,,,,,,,,,,,,,,,,
Concept,MSFOCG,OpenMRS,,AA0201,da33d74e-33b3-495a-9d7c-aa00a-aa0201,COPD,FULLY_SPECIFIED,,,,,,,,,Misc,Text,,,,SMSTCARD4OE,,,,,,,,,,,,,,,,,,,,,,
Concept,MSFOCG,OpenMRS,,AA0202,da33d74e-33b3-495a-9d7c-aa00a-aa0202,"High Cholesterol ",FULLY_SPECIFIED,,,,,,,,,Misc,Text,,,,SMSTCARD4OE,,,,,,,,,,,,,,,,,,,,,,
Concept,MSFOCG,OpenMRS,,AA0203,da33d74e-33b3-495a-9d7c-aa00a-aa0203,Fever,FULLY_SPECIFIED,,,,,,,,,Misc,Text,,,,SMSTCARD4OE,,,,,,,,,,,,,,,,,,,,,,
Concept,MSFOCG,OpenMRS,,AA0204,da33d74e-33b3-495a-9d7c-aa00a-aa0204,Shivers,FULLY_SPECIFIED,,,,,,,,,Misc,Text,,,,SMSTCARD4OE,,,,,,,,,,,,,,,,,,,,,,
Concept,MSFOCG,OpenMRS,,AA0205,da33d74e-33b3-495a-9d7c-aa00a-aa0205,Headache,FULLY_SPECIFIED,,,,,,,,,Misc,Text,,,,SMSTCARD4OE,,,,,,,,,,,,,,,,,,,,,,
Concept,MSFOCG,OpenMRS,,AA0206,da33d74e-33b3-495a-9d7c-aa00a-aa0206,Vomit,FULLY_SPECIFIED,,,,,,,,,Misc,Text,,,,SMSTCARD4OE,,,,,,,,,,,,,,,,,,,,,,
Concept,MSFOCG,OpenMRS,,AA0207,da33d74e-33b3-495a-9d7c-aa00a-aa0207,Convulsions,FULLY_SPECIFIED,,,,,,,,,Misc,Text,,,,SMSTCARD4OE,,,,,,,,,,,,,,,,,,,,,,
Concept,MSFOCG,OpenMRS,,AA0208,da33d74e-33b3-495a-9d7c-aa00a-aa0208,Dyspnea,FULLY_SPECIFIED,,,,,,,,,Misc,Text,,,,SMSTCARD4OE,,,,,,,,,,,,,,,,,,,,,,
Concept,MSFOCG,OpenMRS,,AA0209,da33d74e-33b3-495a-9d7c-aa00a-aa0209,Cough,FULLY_SPECIFIED,,,,,,,,,Misc,Text,,,,SMSTCARD4OE,,,,,,,,,,,,,,,,,,,,,,
Concept,MSFOCG,OpenMRS,,AA0210,da33d74e-33b3-495a-9d7c-aa00a-aa0210,Sputum,FULLY_SPECIFIED,,,,,,,,,Misc,Text,,,,SMSTCARD4OE,,,,,,,,,,,,,,,,,,,,,,
Concept,MSFOCG,OpenMRS,,AA0211,da33d74e-33b3-495a-9d7c-aa00a-aa0211,Sputum with blood,FULLY_SPECIFIED,,,,,,,,,Misc,Text,,,,SMSTCARD4OE,,,,,,,,,,,,,,,,,,,,,,
Concept,MSFOCG,OpenMRS,,AA0212,da33d74e-33b3-495a-9d7c-aa00a-aa0212,Purulent,FULLY_SPECIFIED,,,,,,,,,Misc,Text,,,,SMSTCARD4OE,,,,,,,,,,,,,,,,,,,,,,
Concept,MSFOCG,OpenMRS,,AA0213,da33d74e-33b3-495a-9d7c-aa00a-aa0213,Diarrhoea,FULLY_SPECIFIED,,,,,,,,,Misc,Text,,,,SMSTCARD4OE,,,,,,,,,,,,,,,,,,,,,,
Concept,MSFOCG,OpenMRS,,AA0214,da33d74e-33b3-495a-9d7c-aa00a-aa0214,Diarrhoea with blood,FULLY_SPECIFIED,,,,,,,,,Misc,Text,,,,SMSTCARD4OE,,,,,,,,,,,,,,,,,,,,,,
Concept,MSFOCG,OpenMRS,,AA0215,da33d74e-33b3-495a-9d7c-aa00a-aa0215,Dysuria,FULLY_SPECIFIED,,,,,,,,,Misc,Text,,,,SMSTCARD4OE,,,,,,,,,,,,,,,,,,,,,,
Concept,MSFOCG,OpenMRS,,AA0216,da33d74e-33b3-495a-9d7c-aa00a-aa0216,Dysuria with blood,FULLY_SPECIFIED,,,,,,,,,Misc,Text,,,,SMSTCARD4OE,,,,,,,,,,,,,,,,,,,,,,
Concept,MSFOCG,OpenMRS,,AA0217,da33d74e-33b3-495a-9d7c-aa00a-aa0217,Itching,FULLY_SPECIFIED,,,,,,,,,Misc,Text,,,,SMSTCARD4OE,,,,,,,,,,,,,,,,,,,,,,
Concept,MSFOCG,OpenMRS,,AA0218,da33d74e-33b3-495a-9d7c-aa00a-aa0218,Date recorded,FULLY_SPECIFIED,,,,,,,,,Misc,Date,,,,OCP-PA-FORM,,,,,,,,,,,,,,,,,,,,,,
Concept,MSFOCG,OpenMRS,,AA0219,da33d74e-33b3-495a-9d7c-aa00a-aa0219,Type of assessment,FULLY_SPECIFIED,,,,,,,,,Misc,Coded,,,,OCP-PA-FORM,,,,,,,,,,,,,,,,,,,,,,
Concept,MSFOCG,OpenMRS,,AA0220,da33d74e-33b3-495a-9d7c-aa00a-aa0220,Type of pain,FULLY_SPECIFIED,,,,,,,,,Misc,Coded,,,,OCP-PA-FORM,,,,,,,,,,,,,,,,,,,,,,
Concept,MSFOCG,OpenMRS,,AA0221,da33d74e-33b3-495a-9d7c-aa00a-aa0221,Onset of pain,FULLY_SPECIFIED,,,,,,,,,Misc,Text,,,,OCP-PA-FORM,,,,,,,,,,,,,,,,,,,,,,
Concept,MSFOCG,OpenMRS,,AA0222,da33d74e-33b3-495a-9d7c-aa00a-aa0222,Site of main pain,FULLY_SPECIFIED,,,,,,,,,Misc,Coded,,,,OCP-PA-FORM,,,,,,,,,,,,,,,,,,,,,,
Concept,MSFOCG,OpenMRS,,AA0223,da33d74e-33b3-495a-9d7c-aa00a-aa0223,"Site of pain, other",FULLY_SPECIFIED,,,,,,,,,Misc,Text,,,,OCP-PA-FORM,,,,,,,,,,,,,,,,,,,,,,
Concept,MSFOCG,OpenMRS,,AA0224,da33d74e-33b3-495a-9d7c-aa00a-aa0224,"Current pain score, initial",FULLY_SPECIFIED,,,,,,,,,Question,Numeric,,,,OCP-PA-FORM,,,,,,,,,,,,,,,,,,,,,,
Concept,MSFOCG,OpenMRS,,AA0225,da33d74e-33b3-495a-9d7c-aa00a-aa0225,"Maximum pain score, initial",FULLY_SPECIFIED,,,,,,,,,Question,Numeric,,,,OCP-PA-FORM,,,,,,,,,,,,,,,,,,,,,,
Concept,MSFOCG,OpenMRS,,AA0226,da33d74e-33b3-495a-9d7c-aa00a-aa0226,"Minimum pain score, initial",FULLY_SPECIFIED,,,,,,,,,Question,Numeric,"Minimum pain score experienced by the patient, using a numerical validated pain scale",,,OCP-PA-FORM,,,,,,,,,,,,,,,,,,,,,,
Concept,MSFOCG,OpenMRS,,AA0227,da33d74e-33b3-495a-9d7c-aa00a-aa0227,"Pain scale, Initial",FULLY_SPECIFIED,,,,,,,,,Misc,Coded,,,,OCP-PA-FORM,,,,,,,,,,,,,,,,,,,,,,
Concept,MSFOCG,OpenMRS,,AA0228,da33d74e-33b3-495a-9d7c-aa00a-aa0228,Presumed cause,FULLY_SPECIFIED,,,,,,,,,Misc,Text,,,,OCP-PA-FORM,,,,,,,,,,,,,,,,,,,,,,
Concept,MSFOCG,OpenMRS,,AA0229,da33d74e-33b3-495a-9d7c-aa00a-aa0229,Pain course,FULLY_SPECIFIED,,,,,,,,,Misc,Coded,,,,OCP-PA-FORM,,,,,,,,,,,,,,,,,,,,,,
Concept,MSFOCG,OpenMRS,,AA0230,da33d74e-33b3-495a-9d7c-aa00a-aa0230,24 hour pattern,FULLY_SPECIFIED,,,,,,,,,Misc,Coded,,,,OCP-PA-FORM,,,,,,,,,,,,,,,,,,,,,,
Concept,MSFOCG,OpenMRS,,AA0231,da33d74e-33b3-495a-9d7c-aa00a-aa0231,Comments,FULLY_SPECIFIED,,,,,,,,,Misc,Text,,,,OCP-PA-FORM,,,,,,,,,,,,,,,,,,,,,,
Concept,MSFOCG,OpenMRS,,AA0232,da33d74e-33b3-495a-9d7c-aa00a-aa0232,Neuropathic pain evaluation questionnaire (DN4),FULLY_SPECIFIED,,,,,,,,,Misc,Coded,,,,OCP-PA-FORM,,,,,,,,,,,,,,,,,,,,,,
Concept,MSFOCG,OpenMRS,,AA0233,da33d74e-33b3-495a-9d7c-aa00a-aa0233,DN4 score,FULLY_SPECIFIED,,,,,,,,,Misc,Numeric,,,,OCP-PA-FORM,,,,,,,,,,,,,,,,,,,,,,
Concept,MSFOCG,OpenMRS,,AA0234,da33d74e-33b3-495a-9d7c-aa00a-aa0234,Characteristics of pain,FULLY_SPECIFIED,,,,,,,,,Misc,Coded,,,,OCP-PA-FORM,,,,,,,,,,,,,,,,,,,,,,
Concept,MSFOCG,OpenMRS,,AA0235,da33d74e-33b3-495a-9d7c-aa00a-aa0235,Aggravating factors,FULLY_SPECIFIED,,,,,,,,,Misc,Text,,,,OCP-PA-FORM,,,,,,,,,,,,,,,,,,,,,,
Concept,MSFOCG,OpenMRS,,AA0236,da33d74e-33b3-495a-9d7c-aa00a-aa0236,Alleviating factors,FULLY_SPECIFIED,,,,,,,,,Misc,Text,,,,OCP-PA-FORM,,,,,,,,,,,,,,,,,,,,,,
Concept,MSFOCG,OpenMRS,,AA0237,da33d74e-33b3-495a-9d7c-aa00a-aa0237,Was medication for breakthrough pain taken?,FULLY_SPECIFIED,,,,,,,,,Misc,Coded,,,,OCP-PA-FORM,,,,,,,,,,,,,,,,,,,,,,
Concept,MSFOCG,OpenMRS,,AA0238,da33d74e-33b3-495a-9d7c-aa00a-aa0238,Response to medication,FULLY_SPECIFIED,,,,,,,,,Misc,Text,,,,OCP-PA-FORM,,,,,,,,,,,,,,,,,,,,,,
Concept,MSFOCG,OpenMRS,,AA0239,da33d74e-33b3-495a-9d7c-aa00a-aa0239,Impact,FULLY_SPECIFIED,,,,,,,,,Misc,Coded,,,,OCP-PA-FORM,,,,,,,,,,,,,,,,,,,,,,
Concept,MSFOCG,OpenMRS,,AA0240,da33d74e-33b3-495a-9d7c-aa00a-aa0240,Physical and social functioning comment,FULLY_SPECIFIED,,,,,,,,,Misc,Text,,,,OCP-PA-FORM,,,,,,,,,,,,,,,,,,,,,,
Concept,MSFOCG,OpenMRS,,AA0241,da33d74e-33b3-495a-9d7c-aa00a-aa0241,Sleep disosrder comment,FULLY_SPECIFIED,,,,,,,,,Misc,Text,,,,OCP-PA-FORM,,,,,,,,,,,,,,,,,,,,,,
Concept,MSFOCG,OpenMRS,,AA0242,da33d74e-33b3-495a-9d7c-aa00a-aa0242,Mood disorder comment,FULLY_SPECIFIED,,,,,,,,,Misc,Text,,,,OCP-PA-FORM,,,,,,,,,,,,,,,,,,,,,,
Concept,MSFOCG,OpenMRS,,AA0243,da33d74e-33b3-495a-9d7c-aa00a-aa0243,Further assessment,FULLY_SPECIFIED,,,,,,,,,Misc,Coded,,,,OCP-PA-FORM,,,,,,,,,,,,,,,,,,,,,,
Concept,MSFOCG,OpenMRS,,AA0244,da33d74e-33b3-495a-9d7c-aa00a-aa0244,Algoplus pain assessment,FULLY_SPECIFIED,,,,,,,,,Misc,Coded,,,,OCP-PA-FORM,,,,,,,,,,,,,,,,,,,,,,
Concept,MSFOCG,OpenMRS,,AA0245,da33d74e-33b3-495a-9d7c-aa00a-aa0245,Score at rest,FULLY_SPECIFIED,,,,,,,,,Misc,Numeric,,,,OCP-PA-FORM,,,,,,,,,,,,,,,,,,,,,,
Concept,MSFOCG,OpenMRS,,AA0246,da33d74e-33b3-495a-9d7c-aa00a-aa0246,Score on exam,FULLY_SPECIFIED,,,,,,,,,Misc,Numeric,,,,OCP-PA-FORM,,,,,,,,,,,,,,,,,,,,,,
Concept,MSFOCG,OpenMRS,,AA0247,da33d74e-33b3-495a-9d7c-aa00a-aa0247,Provoking factors,FULLY_SPECIFIED,,,,,,,,,Misc,Text,,,,OCP-PA-FORM,,,,,,,,,,,,,,,,,,,,,,
Concept,MSFOCG,OpenMRS,,AA0248,da33d74e-33b3-495a-9d7c-aa00a-aa0248,"Pain scale, follow-up",FULLY_SPECIFIED,,,,,,,,,Misc,Coded,,,,OCP-PA-FORM,,,,,,,,,,,,,,,,,,,,,,
Concept,MSFOCG,OpenMRS,,AA0249,da33d74e-33b3-495a-9d7c-aa00a-aa0249,"Current pain score, follow-up",FULLY_SPECIFIED,,,,,,,,,Question,Numeric,,,,OCP-PA-FORM,,,,,,,,,,,,,,,,,,,,,,
Concept,MSFOCG,OpenMRS,,AA0250,da33d74e-33b3-495a-9d7c-aa00a-aa0250,Physical and social functioning,FULLY_SPECIFIED,,,,,,,,,Misc,Text,,,,OCP-PA-FORM,,,,,,,,,,,,,,,,,,,,,,
Concept,MSFOCG,OpenMRS,,AA0251,da33d74e-33b3-495a-9d7c-aa00a-aa0251,McGill pain questionnaire,FULLY_SPECIFIED,,,,,,,,,Misc,Text,,,,OCP-PA-FORM,,,,,,,,,,,,,,,,,,,,,,
Concept,MSFOCG,OpenMRS,,AA0252,da33d74e-33b3-495a-9d7c-aa00a-aa0252,Background pain,FULLY_SPECIFIED,,,,,,,,,Misc,Text,,,,OCP-PA-FORM,,,,,,,,,,,,,,,,,,,,,,
Concept,MSFOCG,OpenMRS,,AA0253,da33d74e-33b3-495a-9d7c-aa00a-aa0253,Background and breakthrough pain,FULLY_SPECIFIED,,,,,,,,,Misc,Text,,,,OCP-PA-FORM,,,,,,,,,,,,,,,,,,,,,,
Concept,MSFOCG,OpenMRS,,AA0254,da33d74e-33b3-495a-9d7c-aa00a-aa0254,Referred by,FULLY_SPECIFIED,,محول من قبل,FULLY_SPECIFIED,ar,,,,,Misc,Coded,,,,Iraq-Maternity-Form,,,,,,,,,,,,,,,,,,,,,,
Concept,MSFOCG,OpenMRS,,AA0255,da33d74e-33b3-495a-9d7c-aa00a-aa0255,TBA/CHW,FULLY_SPECIFIED,,,,,,,,,Misc,Text,,,,Iraq-Maternity-Form,,,,,,,,,,,,,,,,,,,,,,
Concept,MSFOCG,OpenMRS,,AA0256,da33d74e-33b3-495a-9d7c-aa00a-aa0256,Health facility,FULLY_SPECIFIED,,منشاة صحية,FULLY_SPECIFIED,ar,,,,,Misc,Text,,,,Iraq-Maternity-Form,,,,,,,,,,,,,,,,,,,,,,
Concept,MSFOCG,OpenMRS,,AA0257,da33d74e-33b3-495a-9d7c-aa00a-aa0257,Maternity waiting home,FULLY_SPECIFIED,,,,,,,,,Misc,Text,,,,Iraq-Maternity-Form,,,,,,,,,,,,,,,,,,,,,,
Concept,MSFOCG,OpenMRS,,AA0258,da33d74e-33b3-495a-9d7c-aa00a-aa0258,Self-referral,FULLY_SPECIFIED,,شخص,FULLY_SPECIFIED,ar,,,,,Misc,Text,,,,Iraq-Maternity-Form,,,,,,,,,,,,,,,,,,,,,,
Concept,MSFOCG,OpenMRS,,AA0259,da33d74e-33b3-495a-9d7c-aa00a-aa0259,Facility name,FULLY_SPECIFIED,,منشاة صحية,FULLY_SPECIFIED,ar,,,,,Misc,Text,,,,Iraq-Maternity-Form,,,,,,,,,,,,,,,,,,,,,,
Concept,MSFOCG,OpenMRS,,AA0260,da33d74e-33b3-495a-9d7c-aa00a-aa0260,Medical and surgical history,FULLY_SPECIFIED,,التاريخ الطبي والجراحي,FULLY_SPECIFIED,ar,,,,,Misc,Text,,,,Iraq-Maternity-Form,,,,,,,,,,,,,,,,,,,,,,
Concept,MSFOCG,OpenMRS,,AA0261,da33d74e-33b3-495a-9d7c-aa00a-aa0261,Gravida,FULLY_SPECIFIED,,حامل,FULLY_SPECIFIED,ar,,,,,Misc,Numeric,,,,Iraq-Maternity-Form,,,,,,,,,,,,,,,,,,,,,,
Concept,MSFOCG,OpenMRS,,AA0262,da33d74e-33b3-495a-9d7c-aa00a-aa0262,Para,FULLY_SPECIFIED,,,,,,,,,Misc,Numeric,,,,Iraq-Maternity-Form,,,,,,,,,,,,,,,,,,,,,,
Concept,MSFOCG,OpenMRS,,AA0263,da33d74e-33b3-495a-9d7c-aa00a-aa0263,Abortions,FULLY_SPECIFIED,," إجهاض",FULLY_SPECIFIED,ar,,,,,Misc,Numeric,,,,Iraq-Maternity-Form,,,,,,,,,,,,,,,,,,,,,,
Concept,MSFOCG,OpenMRS,,AA0264,da33d74e-33b3-495a-9d7c-aa00a-aa0264,Came to ANC,FULLY_SPECIFIED,,,,,,,,,Misc,Boolean,,,,Iraq-Maternity-Form,,,,,,,,,,,,,,,,,,,,,,
Concept,MSFOCG,OpenMRS,,AA0265,da33d74e-33b3-495a-9d7c-aa00a-aa0265,Number of visits,FULLY_SPECIFIED,,,,,,,,,Misc,Numeric,,,,Iraq-Maternity-Form,,,,,,,,,,,,,,,,,,,,,,
Concept,MSFOCG,OpenMRS,,AA0266,da33d74e-33b3-495a-9d7c-aa00a-aa0266,Tetanus vaccination,FULLY_SPECIFIED,,لقاح الكزاز,FULLY_SPECIFIED,ar,,,,,Misc,Coded,,,,Iraq-Maternity-Form,,,,,,,,,,,,,,,,,,,,,,
Concept,MSFOCG,OpenMRS,,AA0267,da33d74e-33b3-495a-9d7c-aa00a-aa0267,Not vaccinated,FULLY_SPECIFIED,,,,,,,,,Misc,Text,,,,Iraq-Maternity-Form,,,,,,,,,,,,,,,,,,,,,,
Concept,MSFOCG,OpenMRS,,AA0268,da33d74e-33b3-495a-9d7c-aa00a-aa0268,TT1,FULLY_SPECIFIED,,,,,,,,,Misc,Text,,,,Iraq-Maternity-Form,,,,,,,,,,,,,,,,,,,,,,
Concept,MSFOCG,OpenMRS,,AA0269,da33d74e-33b3-495a-9d7c-aa00a-aa0269,TT2,FULLY_SPECIFIED,,,,,,,,,Misc,Text,,,,Iraq-Maternity-Form,,,,,,,,,,,,,,,,,,,,,,
Concept,MSFOCG,OpenMRS,,AA0270,da33d74e-33b3-495a-9d7c-aa00a-aa0270,TT3,FULLY_SPECIFIED,,,,,,,,,Misc,Text,,,,Iraq-Maternity-Form,,,,,,,,,,,,,,,,,,,,,,
Concept,MSFOCG,OpenMRS,,AA0271,da33d74e-33b3-495a-9d7c-aa00a-aa0271,TT4,FULLY_SPECIFIED,,,,,,,,,Misc,Text,,,,Iraq-Maternity-Form,,,,,,,,,,,,,,,,,,,,,,
Concept,MSFOCG,OpenMRS,,AA0272,da33d74e-33b3-495a-9d7c-aa00a-aa0272,TT_5,FULLY_SPECIFIED,,,,,,,,,Misc,Text,,,,Iraq-Maternity-Form,,,,,,,,,,,,,,,,,,,,,,
Concept,MSFOCG,OpenMRS,,AA0273,da33d74e-33b3-495a-9d7c-aa00a-aa0273,Previous delivery,FULLY_SPECIFIED,,ولادة مهبيل طبيعية,FULLY_SPECIFIED,ar,,,,,Misc,Text,,,,Iraq-Maternity-Form,,,,,,,,,,,,,,,,,,,,,,
Concept,MSFOCG,OpenMRS,,AA0274,da33d74e-33b3-495a-9d7c-aa00a-aa0274,Previous delivery year,FULLY_SPECIFIED,,السنة,FULLY_SPECIFIED,ar,,,,,Misc,Date,,,,Iraq-Maternity-Form,,,,,,,,,,,,,,,,,,,,,,
Concept,MSFOCG,OpenMRS,,AA0275,da33d74e-33b3-495a-9d7c-aa00a-aa0275,Previous delivery child status,FULLY_SPECIFIED,,الطفل,FULLY_SPECIFIED,ar,,,,,Misc,Coded,,,,Iraq-Maternity-Form,,,,,,,,,,,,,,,,,,,,,,
Concept,MSFOCG,OpenMRS,,AA0276,da33d74e-33b3-495a-9d7c-aa00a-aa0276,Abortion,FULLY_SPECIFIED,," إجهاض",FULLY_SPECIFIED,ar,,,,,Misc,Text,,,,Iraq-Maternity-Form,,,,,,,,,,,,,,,,,,,,,,
Concept,MSFOCG,OpenMRS,,AA0277,da33d74e-33b3-495a-9d7c-aa00a-aa0277,Stillborn,FULLY_SPECIFIED,,مولود ميتا,FULLY_SPECIFIED,ar,,,,,Misc,Text,,,,Iraq-Maternity-Form,,,,,,,,,,,,,,,,,,,,,,
Concept,MSFOCG,OpenMRS,,AA0278,da33d74e-33b3-495a-9d7c-aa00a-aa0278,Alive,FULLY_SPECIFIED,,حي,FULLY_SPECIFIED,ar,,,,,Misc,Text,,,,Iraq-Maternity-Form,,,,,,,,,,,,,,,,,,,,,,
Concept,MSFOCG,OpenMRS,,AA0279,da33d74e-33b3-495a-9d7c-aa00a-aa0279,Death,FULLY_SPECIFIED,,متوفي,FULLY_SPECIFIED,ar,,,,,Misc,Text,,,,Iraq-Maternity-Form,,,,,,,,,,,,,,,,,,,,,,
Concept,MSFOCG,OpenMRS,,AA0280,da33d74e-33b3-495a-9d7c-aa00a-aa0280,Last menstrual period,FULLY_SPECIFIED,,اخر فتر دورة,FULLY_SPECIFIED,ar,,,,,Misc,Date,,,,Iraq-Maternity-Form,,,,,,,,,,,,,,,,,,,,,,
Concept,MSFOCG,OpenMRS,,AA0281,da33d74e-33b3-495a-9d7c-aa00a-aa0281,Expected date of delivery,FULLY_SPECIFIED,,الوقت المتوقع للولادة,FULLY_SPECIFIED,ar,,,,,Misc,Date,,,,Iraq-Maternity-Form,,,,,,,,,,,,,,,,,,,,,,
Concept,MSFOCG,OpenMRS,,AA0282,da33d74e-33b3-495a-9d7c-aa00a-aa0282,Estimated gestation (weeks),FULLY_SPECIFIED,,مرحلة الحمل (اسبوع),FULLY_SPECIFIED,ar,,,,,Misc,Numeric,,,,Iraq-Maternity-Form,,,,,,,,,,,,,,,,,,,,,,
Concept,MSFOCG,OpenMRS,,AA0283,da33d74e-33b3-495a-9d7c-aa00a-aa0283,Fundal height (cm),FULLY_SPECIFIED,,الطول القاعي (سم),FULLY_SPECIFIED,ar,,,,,Misc,Numeric,,,,Iraq-Maternity-Form,,,,,,,,,,,,,,,,,,,,,,
Concept,MSFOCG,OpenMRS,,AA0284,da33d74e-33b3-495a-9d7c-aa00a-aa0284,Lie/presentation,FULLY_SPECIFIED,,جهة الخروج للرأس,FULLY_SPECIFIED,ar,,,,,Misc,Text,,,,Iraq-Maternity-Form,,,,,,,,,,,,,,,,,,,,,,
Concept,MSFOCG,OpenMRS,,AA0285,da33d74e-33b3-495a-9d7c-aa00a-aa0285,Conjunctiva,FULLY_SPECIFIED,,الملتحمة,FULLY_SPECIFIED,ar,,,,,Misc,Coded,,,,Iraq-Maternity-Form,,,,,,,,,,,,,,,,,,,,,,
Concept,MSFOCG,OpenMRS,,AA0286,da33d74e-33b3-495a-9d7c-aa00a-aa0286,Normal,FULLY_SPECIFIED,,طبيعية,FULLY_SPECIFIED,ar,,,,,Misc,Text,,,,Iraq-Maternity-Form,,,,,,,,,,,,,,,,,,,,,,
Concept,MSFOCG,OpenMRS,,AA0287,da33d74e-33b3-495a-9d7c-aa00a-aa0287,Pale,FULLY_SPECIFIED,,شاحبة,FULLY_SPECIFIED,ar,,,,,Misc,Text,,,,Iraq-Maternity-Form,,,,,,,,,,,,,,,,,,,,,,
Concept,MSFOCG,OpenMRS,,AA0288,da33d74e-33b3-495a-9d7c-aa00a-aa0288,Proteinuria,FULLY_SPECIFIED,,بيلة بروتينية,FULLY_SPECIFIED,ar,,,,,Misc,Coded,,,,Iraq-Maternity-Form,,,,,,,,,,,,,,,,,,,,,,
Concept,MSFOCG,OpenMRS,,AA0289,da33d74e-33b3-495a-9d7c-aa00a-aa0289,Proteinuria negative,FULLY_SPECIFIED,,,,,,,,,Misc,Text,,,,Iraq-Maternity-Form,,,,,,,,,,,,,,,,,,,,,,
Concept,MSFOCG,OpenMRS,,AA0290,da33d74e-33b3-495a-9d7c-aa00a-aa0290,Proteinuria +,FULLY_SPECIFIED,,,,,,,,,Misc,Text,,,,Iraq-Maternity-Form,,,,,,,,,,,,,,,,,,,,,,
Concept,MSFOCG,OpenMRS,,AA0291,da33d74e-33b3-495a-9d7c-aa00a-aa0291,Proteinuria ++,FULLY_SPECIFIED,,,,,,,,,Misc,Text,,,,Iraq-Maternity-Form,,,,,,,,,,,,,,,,,,,,,,
Concept,MSFOCG,OpenMRS,,AA0292,da33d74e-33b3-495a-9d7c-aa00a-aa0292,Proteinuria +++,FULLY_SPECIFIED,,,,,,,,,Misc,Text,,,,Iraq-Maternity-Form,,,,,,,,,,,,,,,,,,,,,,
Concept,MSFOCG,OpenMRS,,AA0293,da33d74e-33b3-495a-9d7c-aa00a-aa0293,Foetal heart rate,FULLY_SPECIFIED,,معدل نبضات الجنين,FULLY_SPECIFIED,ar,,,,,Misc,Numeric,,,,Iraq-Maternity-Form,,,,,,,,,,,,,,,,,,,,,,
Concept,MSFOCG,OpenMRS,,AA0294,da33d74e-33b3-495a-9d7c-aa00a-aa0294,Foetal movements,FULLY_SPECIFIED,,حركات الجنين,FULLY_SPECIFIED,ar,,,,,Misc,Boolean,,,,Iraq-Maternity-Form,,,,,,,,,,,,,,,,,,,,,,
Concept,MSFOCG,OpenMRS,,AA0295,da33d74e-33b3-495a-9d7c-aa00a-aa0295,Hemoglobin,FULLY_SPECIFIED,,خضاب الدم,FULLY_SPECIFIED,ar,,,,,Misc,Text,,,,Iraq-Maternity-Form,,,,,,,,,,,,,,,,,,,,,,
Concept,MSFOCG,OpenMRS,,AA0296,da33d74e-33b3-495a-9d7c-aa00a-aa0296,Blood group,FULLY_SPECIFIED,,"
 زمرة الدم",FULLY_SPECIFIED,ar,,,,,Misc,Text,,,,Iraq-Maternity-Form,,,,,,,,,,,,,,,,,,,,,,
Concept,MSFOCG,OpenMRS,,AA0297,da33d74e-33b3-495a-9d7c-aa00a-aa0297,Syphilis test,FULLY_SPECIFIED,,اختبار السفلس,FULLY_SPECIFIED,ar,,,,,Misc,Text,,,,Iraq-Maternity-Form,,,,,,,,,,,,,,,,,,,,,,
Concept,MSFOCG,OpenMRS,,AA0298,da33d74e-33b3-495a-9d7c-aa00a-aa0298,Other test,FULLY_SPECIFIED,,اختبارات اخرى,FULLY_SPECIFIED,ar,,,,,Misc,Text,,,,Iraq-Maternity-Form,,,,,,,,,,,,,,,,,,,,,,
Concept,MSFOCG,OpenMRS,,AA0299,da33d74e-33b3-495a-9d7c-aa00a-aa0299,Cervix effacement,FULLY_SPECIFIED,,العنق - الإمحاء,FULLY_SPECIFIED,ar,,,,,Misc,Text,,,,Iraq-Maternity-Form,,,,,,,,,,,,,,,,,,,,,,
Concept,MSFOCG,OpenMRS,,AA0300,da33d74e-33b3-495a-9d7c-aa00a-aa0300,Cervix consistency,FULLY_SPECIFIED,,العنق - اتساق,FULLY_SPECIFIED,ar,,,,,Misc,Text,,,,Iraq-Maternity-Form,,,,,,,,,,,,,,,,,,,,,,
Concept,MSFOCG,OpenMRS,,AA0301,da33d74e-33b3-495a-9d7c-aa00a-aa0301,Dilatation (cm),FULLY_SPECIFIED,,اتساع (سم),FULLY_SPECIFIED,ar,,,,,Misc,Numeric,,,,Iraq-Maternity-Form,,,,,,,,,,,,,,,,,,,,,,
Concept,MSFOCG,OpenMRS,,AA0302,da33d74e-33b3-495a-9d7c-aa00a-aa0302,Presenting part,FULLY_SPECIFIED,,الجزء المتقدم,FULLY_SPECIFIED,ar,,,,,Misc,Text,,,,Iraq-Maternity-Form,,,,,,,,,,,,,,,,,,,,,,
Concept,MSFOCG,OpenMRS,,AA0303,da33d74e-33b3-495a-9d7c-aa00a-aa0303,Engagement,FULLY_SPECIFIED,,التطور,FULLY_SPECIFIED,ar,,,,,Misc,Text,,,,Iraq-Maternity-Form,,,,,,,,,,,,,,,,,,,,,,
Concept,MSFOCG,OpenMRS,,AA0304,da33d74e-33b3-495a-9d7c-aa00a-aa0304,Bleeding per vagina,FULLY_SPECIFIED,,نزيف,FULLY_SPECIFIED,ar,,,,,Misc,Text,,,,Iraq-Maternity-Form,,,,,,,,,,,,,,,,,,,,,,
Concept,MSFOCG,OpenMRS,,AA0305,da33d74e-33b3-495a-9d7c-aa00a-aa0305,Membranes,FULLY_SPECIFIED,,الاغشية,FULLY_SPECIFIED,ar,,,,,Misc,Coded,,,,Iraq-Maternity-Form,,,,,,,,,,,,,,,,,,,,,,
Concept,MSFOCG,OpenMRS,,AA0306,da33d74e-33b3-495a-9d7c-aa00a-aa0306,Intact,FULLY_SPECIFIED,,سليمة,FULLY_SPECIFIED,ar,,,,,Misc,Text,,,,Iraq-Maternity-Form,,,,,,,,,,,,,,,,,,,,,,
Concept,MSFOCG,OpenMRS,,AA0307,da33d74e-33b3-495a-9d7c-aa00a-aa0307,Ruptured,FULLY_SPECIFIED,,منسكبة,FULLY_SPECIFIED,ar,,,,,Misc,Text,,,,Iraq-Maternity-Form,,,,,,,,,,,,,,,,,,,,,,
Concept,MSFOCG,OpenMRS,,AA0308,da33d74e-33b3-495a-9d7c-aa00a-aa0308,Membranes rupture,FULLY_SPECIFIED,,التاريخ / الوقت,FULLY_SPECIFIED,ar,,,,,Misc,Datetime,,,,Iraq-Maternity-Form,,,,,,,,,,,,,,,,,,,,,,
Concept,MSFOCG,OpenMRS,,AA0309,da33d74e-33b3-495a-9d7c-aa00a-aa0309,Genital mutilation,FULLY_SPECIFIED,,قطع تناسلي,FULLY_SPECIFIED,ar,,,,,Misc,Boolean,,,,Iraq-Maternity-Form,,,,,,,,,,,,,,,,,,,,,,
Concept,MSFOCG,OpenMRS,,AA0310,da33d74e-33b3-495a-9d7c-aa00a-aa0310,Type of genital mutilation,FULLY_SPECIFIED,,الوقت - نوع,FULLY_SPECIFIED,ar,,,,,Misc,Coded,,,,Iraq-Maternity-Form,,,,,,,,,,,,,,,,,,,,,,
Concept,MSFOCG,OpenMRS,,AA0311,da33d74e-33b3-495a-9d7c-aa00a-aa0311,Genital mutilation type I,FULLY_SPECIFIED,,,,,,,,,Misc,Text,,,,Iraq-Maternity-Form,,,,,,,,,,,,,,,,,,,,,,
Concept,MSFOCG,OpenMRS,,AA0312,da33d74e-33b3-495a-9d7c-aa00a-aa0312,Genital mutilation type II,FULLY_SPECIFIED,,,,,,,,,Misc,Text,,,,Iraq-Maternity-Form,,,,,,,,,,,,,,,,,,,,,,
Concept,MSFOCG,OpenMRS,,AA0313,da33d74e-33b3-495a-9d7c-aa00a-aa0313,Genital mutilation type III,FULLY_SPECIFIED,,,,,,,,,Misc,Text,,,,Iraq-Maternity-Form,,,,,,,,,,,,,,,,,,,,,,
Concept,MSFOCG,OpenMRS,,AA0314,da33d74e-33b3-495a-9d7c-aa00a-aa0314,Fistula,FULLY_SPECIFIED,,ناسور,FULLY_SPECIFIED,ar,,,,,Misc,Boolean,,,,Iraq-Maternity-Form,,,,,,,,,,,,,,,,,,,,,,
Concept,MSFOCG,OpenMRS,,AA0315,da33d74e-33b3-495a-9d7c-aa00a-aa0315,Vesicovaginal fistula,FULLY_SPECIFIED,,ناسور مثاني المهبلي,FULLY_SPECIFIED,ar,,,,,Misc,Boolean,,,,Iraq-Maternity-Form,,,,,,,,,,,,,,,,,,,,,,
Concept,MSFOCG,OpenMRS,,AA0316,da33d74e-33b3-495a-9d7c-aa00a-aa0316,Rectovaginal fistula,FULLY_SPECIFIED,,ناسور مستقيمي مهبلي,FULLY_SPECIFIED,ar,,,,,Misc,Boolean,,,,Iraq-Maternity-Form,,,,,,,,,,,,,,,,,,,,,,
Concept,MSFOCG,OpenMRS,,AA0317,da33d74e-33b3-495a-9d7c-aa00a-aa0317,Liquor,FULLY_SPECIFIED,,سائل,FULLY_SPECIFIED,ar,,,,,Misc,Coded,,,,Iraq-Maternity-Form,,,,,,,,,,,,,,,,,,,,,,
Concept,MSFOCG,OpenMRS,,AA0318,da33d74e-33b3-495a-9d7c-aa00a-aa0318,Clear,FULLY_SPECIFIED,,واضح,FULLY_SPECIFIED,ar,,,,,Misc,Text,,,,Iraq-Maternity-Form,,,,,,,,,,,,,,,,,,,,,,
Concept,MSFOCG,OpenMRS,,AA0319,da33d74e-33b3-495a-9d7c-aa00a-aa0319,Meconium stained,FULLY_SPECIFIED,,سائل معقا,FULLY_SPECIFIED,ar,,,,,Misc,Text,,,,Iraq-Maternity-Form,,,,,,,,,,,,,,,,,,,,,,
Concept,MSFOCG,OpenMRS,,AA0320,da33d74e-33b3-495a-9d7c-aa00a-aa0320,Foul smelling,FULLY_SPECIFIED,,رائحة نتنة,FULLY_SPECIFIED,ar,,,,,Misc,Text,,,,Iraq-Maternity-Form,,,,,,,,,,,,,,,,,,,,,,
Concept,MSFOCG,OpenMRS,,AA0321,da33d74e-33b3-495a-9d7c-aa00a-aa0321,Blood stained,FULLY_SPECIFIED,,لطخة دم,FULLY_SPECIFIED,ar,,,,,Misc,Text,,,,Iraq-Maternity-Form,,,,,,,,,,,,,,,,,,,,,,
Concept,MSFOCG,OpenMRS,,AA0322,da33d74e-33b3-495a-9d7c-aa00a-aa0322,Uterine contractions since,FULLY_SPECIFIED,,شنجات الرحم منذ (التاريخ / الوقت),FULLY_SPECIFIED,ar,,,,,Misc,Datetime,,,,Iraq-Maternity-Form,,,,,,,,,,,,,,,,,,,,,,
Concept,MSFOCG,OpenMRS,,AA0323,da33d74e-33b3-495a-9d7c-aa00a-aa0323,Uterine contractions frequency,FULLY_SPECIFIED,,التردد \10 دقائق,FULLY_SPECIFIED,ar,,,,,Misc,Numeric,,,,Iraq-Maternity-Form,,,,,,,,,,,,,,,,,,,,,,
Concept,MSFOCG,OpenMRS,,AA0324,da33d74e-33b3-495a-9d7c-aa00a-aa0324,Previous delivery group,FULLY_SPECIFIED,,,,,,,,,Misc,Text,,,,Iraq-Maternity-Form,,,,,,,,,,,,,,,,,,,,,,