resource_type,owner_id,source,collection,id,external_id,name,name_type,name_external_id,name[fr],name_type[fr],name_locale[fr],name_external_id[fr],concept_class,datatype,description,description_external_id,released,attr:source,attr:precise,attr:units,map_external_id,map_target,map_type,map_from_concept_url,map_to_concept_url,map_from_concept_owner_id,map_from_concept_source,map_from_concept_id,map_to_concept_owner_id,map_to_concept_source,map_to_concept_id,map_to_concept_name,map_source[dsme1],map_to_concept_owner_id[dsme1],map_to_concept_source[dsme1],map_to_concept_id[dsme1],extmap_to_concept_owner_id[1],extmap_to_concept_source[1],extmap_to_concept_id[1],extmap_to_concept_name[1]
Concept,MSFOCG,OpenMRS,,AA0001,da33d74e-33b3-495a-9d7c-aa00a-aa0001,Acute abdomen,FULLY_SPECIFIED,,,,,,Diagnosis,Text,,,,dhis2,,,,Internal,SAME-AS,/orgs/MSFOCG/sources/OpenMRS/concepts/AA0001/,/orgs/MSFOCG/sources/DHIS2DataElements/concepts/Z3a44uyRxNB/,MSFOCG,OpenMRS,AA0001,MSFOCG,DHIS2DataElements,Z3a44uyRxNB,,,,,,,,,
Concept,MSFOCG,OpenMRS,,AA0002,da33d74e-33b3-495a-9d7c-aa00a-aa0002,Acute asthma,FULLY_SPECIFIED,,,,,,Diagnosis,Text,,,,dhis2,,,,Internal,SAME-AS,/orgs/MSFOCG/sources/OpenMRS/concepts/AA0002/,/orgs/MSFOCG/sources/DHIS2DataElements/concepts/lqK8WcEG6id/,MSFOCG,OpenMRS,AA0002,MSFOCG,DHIS2DataElements,lqK8WcEG6id,,,,,,,,,
Concept,MSFOCG,OpenMRS,,AA0003,da33d74e-33b3-495a-9d7c-aa00a-aa0003,Acute chest syndrome,FULLY_SPECIFIED,,,,,,Diagnosis,Text,,,,dhis2,,,,,,,,,,,,,,,,,,,,,,
Concept,MSFOCG,OpenMRS,,AA0004,da33d74e-33b3-495a-9d7c-aa00a-aa0004,Acute diarrhea (bloody),FULLY_SPECIFIED,,,,,,Diagnosis,Text,,,,dhis2,,,,,,,,,,,,,,,,,,,,,,
Concept,MSFOCG,OpenMRS,,AA0005,da33d74e-33b3-495a-9d7c-aa00a-aa0005,Acute diarrhea (non-bloody),FULLY_SPECIFIED,,,,,,Diagnosis,Text,,,,dhis2,,,,,,,,,,,,,,,,,,,,,,
Concept,MSFOCG,OpenMRS,,AA0006,da33d74e-33b3-495a-9d7c-aa00a-aa0006,Acute febrile illness (=<7 days),FULLY_SPECIFIED,,,,,,Diagnosis,Text,,,,dhis2,,,,,,,,,,,,,,,,,,,,,,
Concept,MSFOCG,OpenMRS,,AA0007,da33d74e-33b3-495a-9d7c-aa00a-aa0007,Acute flaccid paralysis,FULLY_SPECIFIED,,,,,,Diagnosis,Text,,,,dhis2,,,,,,,,,,,,,,,,,,,,,,
Concept,MSFOCG,OpenMRS,,AA0008,da33d74e-33b3-495a-9d7c-aa00a-aa0008,Acute jaundice syndrome,FULLY_SPECIFIED,,,,,,Diagnosis,Text,,,,dhis2,,,,,,,,,,,,,,,,,,,,,,
Concept,MSFOCG,OpenMRS,,AA0009,da33d74e-33b3-495a-9d7c-aa00a-aa0009,Allergy/Anaphylaxis,FULLY_SPECIFIED,,,,,,Diagnosis,Text,,,,dhis2,,,,,,,,,,,,,,,,,,,,,,
Concept,MSFOCG,OpenMRS,,AA0010,da33d74e-33b3-495a-9d7c-aa00a-aa0010,Apnoea of prematurity,FULLY_SPECIFIED,,,,,,Diagnosis,Text,,,,dhis2,,,,,,,,,,,,,,,,,,,,,,
Concept,MSFOCG,OpenMRS,,AA0011,da33d74e-33b3-495a-9d7c-aa00a-aa0011,Bacterial meningitis,FULLY_SPECIFIED,,,,,,Diagnosis,Text,,,,dhis2,,,,,,,,,,,,,,,,,,,,,,
Concept,MSFOCG,OpenMRS,,AA0012,da33d74e-33b3-495a-9d7c-aa00a-aa0012,Birth injury,FULLY_SPECIFIED,,,,,,Diagnosis,Text,,,,dhis2,,,,,,,,,,,,,,,,,,,,,,
Concept,MSFOCG,OpenMRS,,AA0013,da33d74e-33b3-495a-9d7c-aa00a-aa0013,Bronchiolitis/obstructive bronchitis,FULLY_SPECIFIED,,,,,,Diagnosis,Text,,,,dhis2,,,,,,,,,,,,,,,,,,,,,,
Concept,MSFOCG,OpenMRS,,AA0014,da33d74e-33b3-495a-9d7c-aa00a-aa0014,Bronchospasm,FULLY_SPECIFIED,,,,,,Diagnosis,Text,,,,dhis2,,,,,,,,,,,,,,,,,,,,,,
Concept,MSFOCG,OpenMRS,,AA0015,da33d74e-33b3-495a-9d7c-aa00a-aa0015,Burns,FULLY_SPECIFIED,,,,,,Diagnosis,Text,,,,dhis2,,,,,,,,,,,,,,,,,,,,,,
Concept,MSFOCG,OpenMRS,,AA0016,da33d74e-33b3-495a-9d7c-aa00a-aa0016,Cardiogenic shock,FULLY_SPECIFIED,,,,,,Diagnosis,Text,,,,dhis2,,,,,,,,,,,,,,,,,,,,,,
Concept,MSFOCG,OpenMRS,,AA0017,da33d74e-33b3-495a-9d7c-aa00a-aa0017,Cardiovascular disease,FULLY_SPECIFIED,,,,,,Diagnosis,Text,,,,dhis2,,,,,,,,,,,,,,,,,,,,,,
Concept,MSFOCG,OpenMRS,,AA0018,da33d74e-33b3-495a-9d7c-aa00a-aa0018,Cerebral palsy/Neuro disability,FULLY_SPECIFIED,,,,,,Diagnosis,Text,,,,dhis2,,,,,,,,,,,,,,,,,,,,,,
Concept,MSFOCG,OpenMRS,,AA0019,da33d74e-33b3-495a-9d7c-aa00a-aa0019,Chikungunya confirmed,FULLY_SPECIFIED,,,,,,Diagnosis,Text,,,,dhis2,,,,,,,,,,,,,,,,,,,,,,
Concept,MSFOCG,OpenMRS,,AA0020,da33d74e-33b3-495a-9d7c-aa00a-aa0020,Chikungunya suspected,FULLY_SPECIFIED,,,,,,Diagnosis,Text,,,,dhis2,,,,,,,,,,,,,,,,,,,,,,
Concept,MSFOCG,OpenMRS,,AA0021,da33d74e-33b3-495a-9d7c-aa00a-aa0021,Cholera (suspected),FULLY_SPECIFIED,,,,,,Diagnosis,Text,,,,dhis2,,,,,,,,,,,,,,,,,,,,,,
Concept,MSFOCG,OpenMRS,,AA0022,da33d74e-33b3-495a-9d7c-aa00a-aa0022,Cholera confirmed,FULLY_SPECIFIED,,,,,,Diagnosis,Text,,,,dhis2,,,,,,,,,,,,,,,,,,,,,,
Concept,MSFOCG,OpenMRS,,AA0023,da33d74e-33b3-495a-9d7c-aa00a-aa0023,Complicated ear infection,FULLY_SPECIFIED,,,,,,Diagnosis,Text,,,,dhis2,,,,,,,,,,,,,,,,,,,,,,
Concept,MSFOCG,OpenMRS,,AA0024,da33d74e-33b3-495a-9d7c-aa00a-aa0024,Complications of SCD,FULLY_SPECIFIED,,,,,,Diagnosis,Text,,,,dhis2,,,,,,,,,,,,,,,,,,,,,,
Concept,MSFOCG,OpenMRS,,AA0025,da33d74e-33b3-495a-9d7c-aa00a-aa0025,Congenital  pathology,FULLY_SPECIFIED,,,,,,Diagnosis,Text,,,,dhis2,,,,,,,,,,,,,,,,,,,,,,
Concept,MSFOCG,OpenMRS,,AA0026,da33d74e-33b3-495a-9d7c-aa00a-aa0026,Congenital herpes virus infection,FULLY_SPECIFIED,,,,,,Diagnosis,Text,,,,dhis2,,,,,,,,,,,,,,,,,,,,,,
Concept,MSFOCG,OpenMRS,,AA0027,da33d74e-33b3-495a-9d7c-aa00a-aa0027,Congenital malaria,FULLY_SPECIFIED,,,,,,Diagnosis,Text,,,,dhis2,,,,,,,,,,,,,,,,,,,,,,
Concept,MSFOCG,OpenMRS,,AA0028,da33d74e-33b3-495a-9d7c-aa00a-aa0028,Congenital or acquired cardiac pathology,FULLY_SPECIFIED,,,,,,Diagnosis,Text,,,,dhis2,,,,,,,,,,,,,,,,,,,,,,
Concept,MSFOCG,OpenMRS,,AA0029,da33d74e-33b3-495a-9d7c-aa00a-aa0029,Congenital syphilis,FULLY_SPECIFIED,,,,,,Diagnosis,Text,,,,dhis2,,,,,,,,,,,,,,,,,,,,,,
Concept,MSFOCG,OpenMRS,,AA0030,da33d74e-33b3-495a-9d7c-aa00a-aa0030,Congestive Heart Failure,FULLY_SPECIFIED,,,,,,Diagnosis,Text,,,,dhis2,,,,,,,,,,,,,,,,,,,,,,
Concept,MSFOCG,OpenMRS,,AA0031,da33d74e-33b3-495a-9d7c-aa00a-aa0031,COPD,FULLY_SPECIFIED,,,,,,Diagnosis,Text,,,,dhis2,,,,,,,,,,,,,,,,,,,,,,
Concept,MSFOCG,OpenMRS,,AA0032,da33d74e-33b3-495a-9d7c-aa00a-aa0032,Covid-19 confirmed,FULLY_SPECIFIED,,,,,,Diagnosis,Text,,,,dhis2,,,,,,,,,,,,,,,,,,,,,,
Concept,MSFOCG,OpenMRS,,AA0033,da33d74e-33b3-495a-9d7c-aa00a-aa0033,Covid-19 probable,FULLY_SPECIFIED,,,,,,Diagnosis,Text,,,,dhis2,,,,,,,,,,,,,,,,,,,,,,
Concept,MSFOCG,OpenMRS,,AA0034,da33d74e-33b3-495a-9d7c-aa00a-aa0034,Cutaneous leishmaniasis,FULLY_SPECIFIED,,,,,,Diagnosis,Text,,,,dhis2,,,,,,,,,,,,,,,,,,,,,,
Concept,MSFOCG,OpenMRS,,AA0035,da33d74e-33b3-495a-9d7c-aa00a-aa0035,Dengue (suspected),FULLY_SPECIFIED,,,,,,Diagnosis,Text,,,,dhis2,,,,,,,,,,,,,,,,,,,,,,
Concept,MSFOCG,OpenMRS,,AA0036,da33d74e-33b3-495a-9d7c-aa00a-aa0036,Dengue confirmed,FULLY_SPECIFIED,,,,,,Diagnosis,Text,,,,dhis2,,,,,,,,,,,,,,,,,,,,,,
Concept,MSFOCG,OpenMRS,,AA0037,da33d74e-33b3-495a-9d7c-aa00a-aa0037,Dental problem,FULLY_SPECIFIED,,,,,,Diagnosis,Text,,,,dhis2,,,,,,,,,,,,,,,,,,,,,,
Concept,MSFOCG,OpenMRS,,AA0038,da33d74e-33b3-495a-9d7c-aa00a-aa0038,Diabetes and complications,FULLY_SPECIFIED,,,,,,Diagnosis,Text,,,,dhis2,,,,,,,,,,,,,,,,,,,,,,
Concept,MSFOCG,OpenMRS,,AA0039,da33d74e-33b3-495a-9d7c-aa00a-aa0039,Diabetes type 2 and complications,FULLY_SPECIFIED,,,,,,Diagnosis,Text,,,,dhis2,,,,,,,,,,,,,,,,,,,,,,
Concept,MSFOCG,OpenMRS,,AA0040,da33d74e-33b3-495a-9d7c-aa00a-aa0040,Diabetes Type I and complications,FULLY_SPECIFIED,,,,,,Diagnosis,Text,,,,dhis2,,,,,,,,,,,,,,,,,,,,,,
Concept,MSFOCG,OpenMRS,,AA0041,da33d74e-33b3-495a-9d7c-aa00a-aa0041,Diarrhea (persistent),FULLY_SPECIFIED,,,,,,Diagnosis,Text,,,,dhis2,,,,,,,,,,,,,,,,,,,,,,
Concept,MSFOCG,OpenMRS,,AA0042,da33d74e-33b3-495a-9d7c-aa00a-aa0042,Diphtheria,FULLY_SPECIFIED,,,,,,Diagnosis,Text,,,,dhis2,,,,,,,,,,,,,,,,,,,,,,
Concept,MSFOCG,OpenMRS,,AA0043,da33d74e-33b3-495a-9d7c-aa00a-aa0043,Dog bite,FULLY_SPECIFIED,,,,,,Diagnosis,Text,,,,dhis2,,,,,,,,,,,,,,,,,,,,,,
Concept,MSFOCG,OpenMRS,,AA0044,da33d74e-33b3-495a-9d7c-aa00a-aa0044,Epilepsy/Seizures,FULLY_SPECIFIED,,,,,,Diagnosis,Text,,,,dhis2,,,,,,,,,,,,,,,,,,,,,,
Concept,MSFOCG,OpenMRS,,AA0045,da33d74e-33b3-495a-9d7c-aa00a-aa0045,Extra Pulmonary Tuberculosis,FULLY_SPECIFIED,,,,,,Diagnosis,Text,,,,dhis2,,,,,,,,,,,,,,,,,,,,,,
Concept,MSFOCG,OpenMRS,,AA0046,da33d74e-33b3-495a-9d7c-aa00a-aa0046,Eye diseases (including trachoma),FULLY_SPECIFIED,,,,,,Diagnosis,Text,,,,dhis2,,,,,,,,,,,,,,,,,,,,,,
Concept,MSFOCG,OpenMRS,,AA0047,da33d74e-33b3-495a-9d7c-aa00a-aa0047,Febrile convulsions,FULLY_SPECIFIED,,,,,,Diagnosis,Text,,,,dhis2,,,,,,,,,,,,,,,,,,,,,,
Concept,MSFOCG,OpenMRS,,AA0048,da33d74e-33b3-495a-9d7c-aa00a-aa0048,Gastric ulcer,FULLY_SPECIFIED,,,,,,Diagnosis,Text,,,,dhis2,,,,,,,,,,,,,,,,,,,,,,
Concept,MSFOCG,OpenMRS,,AA0049,da33d74e-33b3-495a-9d7c-aa00a-aa0049,Gastritis,FULLY_SPECIFIED,,,,,,Diagnosis,Text,,,,dhis2,,,,,,,,,,,,,,,,,,,,,,
Concept,MSFOCG,OpenMRS,,AA0050,da33d74e-33b3-495a-9d7c-aa00a-aa0050,Gynaecological cases,FULLY_SPECIFIED,,,,,,Diagnosis,Text,,,,dhis2,,,,,,,,,,,,,,,,,,,,,,
Concept,MSFOCG,OpenMRS,,AA0051,da33d74e-33b3-495a-9d7c-aa00a-aa0051,Healthy Patient for Medical certificate,FULLY_SPECIFIED,,,,,,Diagnosis,Text,,,,dhis2,,,,,,,,,,,,,,,,,,,,,,
Concept,MSFOCG,OpenMRS,,AA0052,da33d74e-33b3-495a-9d7c-aa00a-aa0052,Hepatitis A,FULLY_SPECIFIED,,,,,,Diagnosis,Text,,,,dhis2,,,,,,,,,,,,,,,,,,,,,,
Concept,MSFOCG,OpenMRS,,AA0053,da33d74e-33b3-495a-9d7c-aa00a-aa0053,Hepatitis B,FULLY_SPECIFIED,,,,,,Diagnosis,Text,,,,dhis2,,,,,,,,,,,,,,,,,,,,,,
Concept,MSFOCG,OpenMRS,,AA0054,da33d74e-33b3-495a-9d7c-aa00a-aa0054,Hepatitis Delta,FULLY_SPECIFIED,,,,,,Diagnosis,Text,,,,dhis2,,,,,,,,,,,,,,,,,,,,,,
Concept,MSFOCG,OpenMRS,,AA0055,da33d74e-33b3-495a-9d7c-aa00a-aa0055,Hepatitis E,FULLY_SPECIFIED,,,,,,Diagnosis,Text,,,,dhis2,,,,,,,,,,,,,,,,,,,,,,
Concept,MSFOCG,OpenMRS,,AA0056,da33d74e-33b3-495a-9d7c-aa00a-aa0056,HIV infection (confirmed),FULLY_SPECIFIED,,,,,,Diagnosis,Text,,,,dhis2,,,,,,,,,,,,,,,,,,,,,,
Concept,MSFOCG,OpenMRS,,AA0057,da33d74e-33b3-495a-9d7c-aa00a-aa0057,HIV infection (suspected),FULLY_SPECIFIED,,,,,,Diagnosis,Text,,,,dhis2,,,,,,,,,,,,,,,,,,,,,,
Concept,MSFOCG,OpenMRS,,AA0058,da33d74e-33b3-495a-9d7c-aa00a-aa0058,Human African Trypanosomiasis,FULLY_SPECIFIED,,,,,,Diagnosis,Text,,,,dhis2,,,,,,,,,,,,,,,,,,,,,,
Concept,MSFOCG,OpenMRS,,AA0059,da33d74e-33b3-495a-9d7c-aa00a-aa0059,Hyperglycemia,FULLY_SPECIFIED,,,,,,Diagnosis,Text,,,,dhis2,,,,,,,,,,,,,,,,,,,,,,
Concept,MSFOCG,OpenMRS,,AA0060,da33d74e-33b3-495a-9d7c-aa00a-aa0060,Hyperreactive splenomegaly due to malaria,FULLY_SPECIFIED,,,,,,Diagnosis,Text,,,,dhis2,,,,,,,,,,,,,,,,,,,,,,
Concept,MSFOCG,OpenMRS,,AA0061,da33d74e-33b3-495a-9d7c-aa00a-aa0061,Hypertension,FULLY_SPECIFIED,,,,,,Diagnosis,Text,,,,dhis2,,,,,,,,,,,,,,,,,,,,,,
Concept,MSFOCG,OpenMRS,,AA0062,da33d74e-33b3-495a-9d7c-aa00a-aa0062,Hypertensive crisis,FULLY_SPECIFIED,,,,,,Diagnosis,Text,,,,dhis2,,,,,,,,,,,,,,,,,,,,,,
Concept,MSFOCG,OpenMRS,,AA0063,da33d74e-33b3-495a-9d7c-aa00a-aa0063,Hypoglycemia,FULLY_SPECIFIED,,,,,,Diagnosis,Text,,,,dhis2,,,,,,,,,,,,,,,,,,,,,,
Concept,MSFOCG,OpenMRS,,AA0064,da33d74e-33b3-495a-9d7c-aa00a-aa0064,Hypovolemic shock,FULLY_SPECIFIED,,,,,,Diagnosis,Text,,,,dhis2,,,,,,,,,,,,,,,,,,,,,,
Concept,MSFOCG,OpenMRS,,AA0065,da33d74e-33b3-495a-9d7c-aa00a-aa0065,Infectious diseases not otherwise classified,FULLY_SPECIFIED,,,,,,Diagnosis,Text,,,,dhis2,,,,,,,,,,,,,,,,,,,,,,
Concept,MSFOCG,OpenMRS,,AA0066,da33d74e-33b3-495a-9d7c-aa00a-aa0066,Intestinal parasitic infections,FULLY_SPECIFIED,,,,,,Diagnosis,Text,,,,dhis2,,,,,,,,,,,,,,,,,,,,,,
Concept,MSFOCG,OpenMRS,,AA0067,da33d74e-33b3-495a-9d7c-aa00a-aa0067,Lower respiratory tract infection,FULLY_SPECIFIED,,,,,,Diagnosis,Text,,,,dhis2,,,,,,,,,,,,,,,,,,,,,,
Concept,MSFOCG,OpenMRS,,AA0068,da33d74e-33b3-495a-9d7c-aa00a-aa0068,Measles (complicated),FULLY_SPECIFIED,,,,,,Diagnosis,Text,,,,dhis2,,,,,,,,,,,,,,,,,,,,,,
Concept,MSFOCG,OpenMRS,,AA0069,da33d74e-33b3-495a-9d7c-aa00a-aa0069,Measles (suspected),FULLY_SPECIFIED,,,,,,Diagnosis,Text,,,,dhis2,,,,,,,,,,,,,,,,,,,,,,
Concept,MSFOCG,OpenMRS,,AA0070,da33d74e-33b3-495a-9d7c-aa00a-aa0070,Measles (uncomplicated),FULLY_SPECIFIED,,,,,,Diagnosis,Text,,,,dhis2,,,,,,,,,,,,,,,,,,,,,,
Concept,MSFOCG,OpenMRS,,AA0071,da33d74e-33b3-495a-9d7c-aa00a-aa0071,Meningeal TB,FULLY_SPECIFIED,,,,,,Diagnosis,Text,,,,dhis2,,,,,,,,,,,,,,,,,,,,,,
Concept,MSFOCG,OpenMRS,,AA0072,da33d74e-33b3-495a-9d7c-aa00a-aa0072,Meningitis (suspected),FULLY_SPECIFIED,,,,,,Diagnosis,Text,,,,dhis2,,,,,,,,,,,,,,,,,,,,,,
Concept,MSFOCG,OpenMRS,,AA0073,da33d74e-33b3-495a-9d7c-aa00a-aa0073,Meningitis unspecified,FULLY_SPECIFIED,,,,,,Diagnosis,Text,,,,dhis2,,,,,,,,,,,,,,,,,,,,,,
Concept,MSFOCG,OpenMRS,,AA0074,da33d74e-33b3-495a-9d7c-aa00a-aa0074,Mental and psychiatric conditions,FULLY_SPECIFIED,,,,,,Diagnosis,Text,,,,dhis2,,,,,,,,,,,,,,,,,,,,,,
Concept,MSFOCG,OpenMRS,,AA0075,da33d74e-33b3-495a-9d7c-aa00a-aa0075,Moderate acute malnutrition,FULLY_SPECIFIED,,,,,,Diagnosis,Text,,,,dhis2,,,,,,,,,,,,,,,,,,,,,,
Concept,MSFOCG,OpenMRS,,AA0076,da33d74e-33b3-495a-9d7c-aa00a-aa0076,Musculoskeletal conditions (infectious origin),FULLY_SPECIFIED,,,,,,Diagnosis,Text,,,,dhis2,,,,,,,,,,,,,,,,,,,,,,
Concept,MSFOCG,OpenMRS,,AA0077,da33d74e-33b3-495a-9d7c-aa00a-aa0077,Musculoskeletal conditions (non-infectious),FULLY_SPECIFIED,,,,,,Diagnosis,Text,,,,dhis2,,,,,,,,,,,,,,,,,,,,,,
Concept,MSFOCG,OpenMRS,,AA0078,da33d74e-33b3-495a-9d7c-aa00a-aa0078,Necrotizing & bullous skin infections,FULLY_SPECIFIED,,,,,,Diagnosis,Text,,,,dhis2,,,,,,,,,,,,,,,,,,,,,,
Concept,MSFOCG,OpenMRS,,AA0079,da33d74e-33b3-495a-9d7c-aa00a-aa0079,Neglected tropical diseases,FULLY_SPECIFIED,,,,,,Diagnosis,Text,,,,dhis2,,,,,,,,,,,,,,,,,,,,,,
Concept,MSFOCG,OpenMRS,,AA0080,da33d74e-33b3-495a-9d7c-aa00a-aa0080,Neonatal conjunctivitis,FULLY_SPECIFIED,,,,,,Diagnosis,Text,,,,dhis2,,,,,,,,,,,,,,,,,,,,,,
Concept,MSFOCG,OpenMRS,,AA0081,da33d74e-33b3-495a-9d7c-aa00a-aa0081,Neonatal convulsions,FULLY_SPECIFIED,,,,,,Diagnosis,Text,,,,dhis2,,,,,,,,,,,,,,,,,,,,,,
Concept,MSFOCG,OpenMRS,,AA0082,da33d74e-33b3-495a-9d7c-aa00a-aa0082,Neonatal infectious diseases,FULLY_SPECIFIED,,,,,,Diagnosis,Text,,,,dhis2,,,,,,,,,,,,,,,,,,,,,,
Concept,MSFOCG,OpenMRS,,AA0083,da33d74e-33b3-495a-9d7c-aa00a-aa0083,Neonatal jaundice,FULLY_SPECIFIED,,,,,,Diagnosis,Text,,,,dhis2,,,,,,,,,,,,,,,,,,,,,,
Concept,MSFOCG,OpenMRS,,AA0084,da33d74e-33b3-495a-9d7c-aa00a-aa0084,Neonatal meconial aspiration,FULLY_SPECIFIED,,,,,,Diagnosis,Text,,,,dhis2,,,,,,,,,,,,,,,,,,,,,,
Concept,MSFOCG,OpenMRS,,AA0085,da33d74e-33b3-495a-9d7c-aa00a-aa0085,Neonatal Necrotizing Enterocolitis,FULLY_SPECIFIED,,,,,,Diagnosis,Text,,,,dhis2,,,,,,,,,,,,,,,,,,,,,,
Concept,MSFOCG,OpenMRS,,AA0086,da33d74e-33b3-495a-9d7c-aa00a-aa0086,Neonatal non infectious conditions,FULLY_SPECIFIED,,,,,,Diagnosis,Text,,,,dhis2,,,,,,,,,,,,,,,,,,,,,,
Concept,MSFOCG,OpenMRS,,AA0087,da33d74e-33b3-495a-9d7c-aa00a-aa0087,Neonatal pneumonia,FULLY_SPECIFIED,,,,,,Diagnosis,Text,,,,dhis2,,,,,,,,,,,,,,,,,,,,,,
Concept,MSFOCG,OpenMRS,,AA0088,da33d74e-33b3-495a-9d7c-aa00a-aa0088,Neonatal pneumothorax,FULLY_SPECIFIED,,,,,,Diagnosis,Text,,,,dhis2,,,,,,,,,,,,,,,,,,,,,,
Concept,MSFOCG,OpenMRS,,AA0089,da33d74e-33b3-495a-9d7c-aa00a-aa0089,Neonatal tuberculosis,FULLY_SPECIFIED,,,,,,Diagnosis,Text,,,,dhis2,,,,,,,,,,,,,,,,,,,,,,
Concept,MSFOCG,OpenMRS,,AA0090,da33d74e-33b3-495a-9d7c-aa00a-aa0090,Nephrotic Syndrome & Acute Glomerulonephritis,FULLY_SPECIFIED,,,,,,Diagnosis,Text,,,,dhis2,,,,,,,,,,,,,,,,,,,,,,
Concept,MSFOCG,OpenMRS,,AA0091,da33d74e-33b3-495a-9d7c-aa00a-aa0091,Newborn to an HIV+ mother,FULLY_SPECIFIED,,,,,,Diagnosis,Text,,,,dhis2,,,,,,,,,,,,,,,,,,,,,,
Concept,MSFOCG,OpenMRS,,AA0092,da33d74e-33b3-495a-9d7c-aa00a-aa0092,Non cardiac congenital  pathology,FULLY_SPECIFIED,,,,,,Diagnosis,Text,,,,dhis2,,,,,,,,,,,,,,,,,,,,,,
Concept,MSFOCG,OpenMRS,,AA0093,da33d74e-33b3-495a-9d7c-aa00a-aa0093,Non urgent surgical conditions,FULLY_SPECIFIED,,,,,,Diagnosis,Text,,,,dhis2,,,,,,,,,,,,,,,,,,,,,,
Concept,MSFOCG,OpenMRS,,AA0094,da33d74e-33b3-495a-9d7c-aa00a-aa0094,Non violence-related injuries,FULLY_SPECIFIED,,,,,,Diagnosis,Text,,,,dhis2,,,,,,,,,,,,,,,,,,,,,,
Concept,MSFOCG,OpenMRS,,AA0095,da33d74e-33b3-495a-9d7c-aa00a-aa0095,Observation,FULLY_SPECIFIED,,,,,,Diagnosis,Text,,,,dhis2,,,,,,,,,,,,,,,,,,,,,,
Concept,MSFOCG,OpenMRS,,AA0096,da33d74e-33b3-495a-9d7c-aa00a-aa0096,Obstetric cases,FULLY_SPECIFIED,,,,,,Diagnosis,Text,,,,dhis2,,,,,,,,,,,,,,,,,,,,,,
Concept,MSFOCG,OpenMRS,,AA0097,da33d74e-33b3-495a-9d7c-aa00a-aa0097,Oral and digestive severe candidiasis,FULLY_SPECIFIED,,,,,,Diagnosis,Text,,,,dhis2,,,,,,,,,,,,,,,,,,,,,,
Concept,MSFOCG,OpenMRS,,AA0098,da33d74e-33b3-495a-9d7c-aa00a-aa0098,Other bites and stings,FULLY_SPECIFIED,,,,,,Diagnosis,Text,,,,dhis2,,,,,,,,,,,,,,,,,,,,,,
Concept,MSFOCG,OpenMRS,,AA0099,da33d74e-33b3-495a-9d7c-aa00a-aa0099,Other gastrointestinal diseases,FULLY_SPECIFIED,,,,,,Diagnosis,Text,,,,dhis2,,,,,,,,,,,,,,,,,,,,,,
Concept,MSFOCG,OpenMRS,,AA0100,da33d74e-33b3-495a-9d7c-aa00a-aa0100,Other neglected tropical diseases,FULLY_SPECIFIED,,,,,,Diagnosis,Text,,,,dhis2,,,,,,,,,,,,,,,,,,,,,,
Concept,MSFOCG,OpenMRS,,AA0101,da33d74e-33b3-495a-9d7c-aa00a-aa0101,Other neonatal conditions,FULLY_SPECIFIED,,,,,,Diagnosis,Text,,,,dhis2,,,,,,,,,,,,,,,,,,,,,,
Concept,MSFOCG,OpenMRS,,AA0102,da33d74e-33b3-495a-9d7c-aa00a-aa0102,Other neurological conditions,FULLY_SPECIFIED,,,,,,Diagnosis,Text,,,,dhis2,,,,,,,,,,,,,,,,,,,,,,
Concept,MSFOCG,OpenMRS,,AA0103,da33d74e-33b3-495a-9d7c-aa00a-aa0103,Other non communicable diseases,FULLY_SPECIFIED,,,,,,Diagnosis,Text,,,,dhis2,,,,,,,,,,,,,,,,,,,,,,
Concept,MSFOCG,OpenMRS,,AA0104,da33d74e-33b3-495a-9d7c-aa00a-aa0104,Other skin and soft tissue conditions,FULLY_SPECIFIED,,,,,,Diagnosis,Text,,,,dhis2,,,,,,,,,,,,,,,,,,,,,,
Concept,MSFOCG,OpenMRS,,AA0105,da33d74e-33b3-495a-9d7c-aa00a-aa0105,Other symptoms and abnor. clinical / lab findings,FULLY_SPECIFIED,,,,,,Diagnosis,Text,,,,dhis2,,,,,,,,,,,,,,,,,,,,,,
Concept,MSFOCG,OpenMRS,,AA0106,da33d74e-33b3-495a-9d7c-aa00a-aa0106,Others,FULLY_SPECIFIED,,,,,,Diagnosis,Text,,,,dhis2,,,,,,,,,,,,,,,,,,,,,,
Concept,MSFOCG,OpenMRS,,AA0107,da33d74e-33b3-495a-9d7c-aa00a-aa0107,Perinatal asphyxia and complications,FULLY_SPECIFIED,,,,,,Diagnosis,Text,,,,dhis2,,,,,,,,,,,,,,,,,,,,,,
Concept,MSFOCG,OpenMRS,,AA0108,da33d74e-33b3-495a-9d7c-aa00a-aa0108,Persistent fever ( >7 days),FULLY_SPECIFIED,,,,,,Diagnosis,Text,,,,dhis2,,,,,,,,,,,,,,,,,,,,,,
Concept,MSFOCG,OpenMRS,,AA0109,da33d74e-33b3-495a-9d7c-aa00a-aa0109,Poliomyelitis confirmed,FULLY_SPECIFIED,,,,,,Diagnosis,Text,,,,dhis2,,,,,,,,,,,,,,,,,,,,,,
Concept,MSFOCG,OpenMRS,,AA0110,da33d74e-33b3-495a-9d7c-aa00a-aa0110,Post surgical infection,FULLY_SPECIFIED,,,,,,Diagnosis,Text,,,,dhis2,,,,,,,,,,,,,,,,,,,,,,
Concept,MSFOCG,OpenMRS,,AA0111,da33d74e-33b3-495a-9d7c-aa00a-aa0111,Prematurity and/or low birth weight,FULLY_SPECIFIED,,,,,,Diagnosis,Text,,,,dhis2,,,,,,,,,,,,,,,,,,,,,,
Concept,MSFOCG,OpenMRS,,AA0112,da33d74e-33b3-495a-9d7c-aa00a-aa0112,Pulmonary tuberculosis,FULLY_SPECIFIED,,,,,,Diagnosis,Text,,,,dhis2,,,,,,,,,,,,,,,,,,,,,,
Concept,MSFOCG,OpenMRS,,AA0113,da33d74e-33b3-495a-9d7c-aa00a-aa0113,Pulmonary tuberculosis (suspected),FULLY_SPECIFIED,,,,,,Diagnosis,Text,,,,dhis2,,,,,,,,,,,,,,,,,,,,,,
Concept,MSFOCG,OpenMRS,,AA0114,da33d74e-33b3-495a-9d7c-aa00a-aa0114,Rabies,FULLY_SPECIFIED,,,,,,Diagnosis,Text,,,,dhis2,,,,,,,,,,,,,,,,,,,,,,
Concept,MSFOCG,OpenMRS,,AA0115,da33d74e-33b3-495a-9d7c-aa00a-aa0115,Rheumatic heart disease,FULLY_SPECIFIED,,,,,,Diagnosis,Text,,,,dhis2,,,,,,,,,,,,,,,,,,,,,,
Concept,MSFOCG,OpenMRS,,AA0116,da33d74e-33b3-495a-9d7c-aa00a-aa0116,Risk of sepsis,FULLY_SPECIFIED,,,,,,Diagnosis,Text,,,,dhis2,,,,,,,,,,,,,,,,,,,,,,
Concept,MSFOCG,OpenMRS,,AA0117,da33d74e-33b3-495a-9d7c-aa00a-aa0117,Septic shock,FULLY_SPECIFIED,,,,,,Diagnosis,Text,,,,dhis2,,,,,,,,,,,,,,,,,,,,,,
Concept,MSFOCG,OpenMRS,,AA0118,da33d74e-33b3-495a-9d7c-aa00a-aa0118,Severe acute malnutrition,FULLY_SPECIFIED,,,,,,Diagnosis,Text,,,,dhis2,,,,,,,,,,,,,,,,,,,,,,
Concept,MSFOCG,OpenMRS,,AA0119,da33d74e-33b3-495a-9d7c-aa00a-aa0119,Severe Acute Malnutrition (Kwashiorkor),FULLY_SPECIFIED,,,,,,Diagnosis,Text,,,,dhis2,,,,,,,,,,,,,,,,,,,,,,
Concept,MSFOCG,OpenMRS,,AA0120,da33d74e-33b3-495a-9d7c-aa00a-aa0120,Severe Acute Malnutrition (Marasmus - Kwashiorkor),FULLY_SPECIFIED,,,,,,Diagnosis,Text,,,,dhis2,,,,,,,,,,,,,,,,,,,,,,
Concept,MSFOCG,OpenMRS,,AA0121,da33d74e-33b3-495a-9d7c-aa00a-aa0121,Severe Acute Malnutrition (Marasmus),FULLY_SPECIFIED,,,,,,Diagnosis,Text,,,,dhis2,,,,,,,,,,,,,,,,,,,,,,
Concept,MSFOCG,OpenMRS,,AA0122,da33d74e-33b3-495a-9d7c-aa00a-aa0122,Severe anaemia,FULLY_SPECIFIED,,,,,,Diagnosis,Text,,,,dhis2,,,,,,,,,,,,,,,,,,,,,,
Concept,MSFOCG,OpenMRS,,AA0123,da33d74e-33b3-495a-9d7c-aa00a-aa0123,Severe dehydration,FULLY_SPECIFIED,,,,,,Diagnosis,Text,,,,dhis2,,,,,,,,,,,,,,,,,,,,,,
Concept,MSFOCG,OpenMRS,,AA0124,da33d74e-33b3-495a-9d7c-aa00a-aa0124,Severe malaria,FULLY_SPECIFIED,,,,,,Diagnosis,Text,,,,dhis2,,,,,,,,,,,,,,,,,,,,,,
Concept,MSFOCG,OpenMRS,,AA0125,da33d74e-33b3-495a-9d7c-aa00a-aa0125,Sexual violence / rape,FULLY_SPECIFIED,,,,,,Diagnosis,Text,,,,dhis2,,,,,,,,,,,,,,,,,,,,,,
Concept,MSFOCG,OpenMRS,,AA0126,da33d74e-33b3-495a-9d7c-aa00a-aa0126,Sexually transmitted disease (STI),FULLY_SPECIFIED,,,,,,Diagnosis,Text,,,,dhis2,,,,,,,,,,,,,,,,,,,,,,
Concept,MSFOCG,OpenMRS,,AA0127,da33d74e-33b3-495a-9d7c-aa00a-aa0127,Shigellosis/Salmonellosis,FULLY_SPECIFIED,,,,,,Diagnosis,Text,,,,dhis2,,,,,,,,,,,,,,,,,,,,,,
Concept,MSFOCG,OpenMRS,,AA0128,da33d74e-33b3-495a-9d7c-aa00a-aa0128,Shock unspecified,FULLY_SPECIFIED,,,,,,Diagnosis,Text,,,,dhis2,,,,,,,,,,,,,,,,,,,,,,
Concept,MSFOCG,OpenMRS,,AA0129,da33d74e-33b3-495a-9d7c-aa00a-aa0129,Sickle Cell Anaemia,FULLY_SPECIFIED,,,,,,Diagnosis,Text,,,,dhis2,,,,,,,,,,,,,,,,,,,,,,
Concept,MSFOCG,OpenMRS,,AA0130,da33d74e-33b3-495a-9d7c-aa00a-aa0130,Sickle cell disease,FULLY_SPECIFIED,,,,,,Diagnosis,Text,,,,dhis2,,,,,,,,,,,,,,,,,,,,,,
Concept,MSFOCG,OpenMRS,,AA0131,da33d74e-33b3-495a-9d7c-aa00a-aa0131,Simple malaria,FULLY_SPECIFIED,,,,,,Diagnosis,Text,,,,dhis2,,,,,,,,,,,,,,,,,,,,,,
Concept,MSFOCG,OpenMRS,,AA0132,da33d74e-33b3-495a-9d7c-aa00a-aa0132,Skin and soft tissue conditions,FULLY_SPECIFIED,,,,,,Diagnosis,Text,,,,dhis2,,,,,,,,,,,,,,,,,,,,,,
Concept,MSFOCG,OpenMRS,,AA0133,da33d74e-33b3-495a-9d7c-aa00a-aa0133,Skin lesions due to kwashiorkor,FULLY_SPECIFIED,,,,,,Diagnosis,Text,,,,dhis2,,,,,,,,,,,,,,,,,,,,,,
Concept,MSFOCG,OpenMRS,,AA0134,da33d74e-33b3-495a-9d7c-aa00a-aa0134,Snake bites,FULLY_SPECIFIED,,,,,,Diagnosis,Text,,,,dhis2,,,,,,,,,,,,,,,,,,,,,,
Concept,MSFOCG,OpenMRS,,AA0135,da33d74e-33b3-495a-9d7c-aa00a-aa0135,Stroke / CVA,FULLY_SPECIFIED,,,,,,Diagnosis,Text,,,,dhis2,,,,,,,,,,,,,,,,,,,,,,
Concept,MSFOCG,OpenMRS,,AA0136,da33d74e-33b3-495a-9d7c-aa00a-aa0136,Substance abuse / dependency,FULLY_SPECIFIED,,,,,,Diagnosis,Text,,,,dhis2,,,,,,,,,,,,,,,,,,,,,,
Concept,MSFOCG,OpenMRS,,AA0137,da33d74e-33b3-495a-9d7c-aa00a-aa0137,Suspected or confirmed malignancy,FULLY_SPECIFIED,,,,,,Diagnosis,Text,,,,dhis2,,,,,,,,,,,,,,,,,,,,,,
Concept,MSFOCG,OpenMRS,,AA0138,da33d74e-33b3-495a-9d7c-aa00a-aa0138,Tetanus,FULLY_SPECIFIED,,,,,,Diagnosis,Text,,,,dhis2,,,,,,,,,,,,,,,,,,,,,,
Concept,MSFOCG,OpenMRS,,AA0139,da33d74e-33b3-495a-9d7c-aa00a-aa0139,Toxicity / poisoning,FULLY_SPECIFIED,,,,,,Diagnosis,Text,,,,dhis2,,,,,,,,,,,,,,,,,,,,,,
Concept,MSFOCG,OpenMRS,,AA0140,da33d74e-33b3-495a-9d7c-aa00a-aa0140,Transient tachypnoea of the newborn,FULLY_SPECIFIED,,,,,,Diagnosis,Text,,,,dhis2,,,,,,,,,,,,,,,,,,,,,,
Concept,MSFOCG,OpenMRS,,AA0141,da33d74e-33b3-495a-9d7c-aa00a-aa0141,Typhoid fever,FULLY_SPECIFIED,,,,,,Diagnosis,Text,,,,dhis2,,,,,,,,,,,,,,,,,,,,,,
Concept,MSFOCG,OpenMRS,,AA0142,da33d74e-33b3-495a-9d7c-aa00a-aa0142,Upper respiratory tract infection,FULLY_SPECIFIED,,,,,,Diagnosis,Text,,,,dhis2,,,,,,,,,,,,,,,,,,,,,,
Concept,MSFOCG,OpenMRS,,AA0143,da33d74e-33b3-495a-9d7c-aa00a-aa0143,Upper UTI,FULLY_SPECIFIED,,,,,,Diagnosis,Text,,,,dhis2,,,,,,,,,,,,,,,,,,,,,,
Concept,MSFOCG,OpenMRS,,AA0144,da33d74e-33b3-495a-9d7c-aa00a-aa0144,Urgent surgical conditions,FULLY_SPECIFIED,,,,,,Diagnosis,Text,,,,dhis2,,,,,,,,,,,,,,,,,,,,,,
Concept,MSFOCG,OpenMRS,,AA0145,da33d74e-33b3-495a-9d7c-aa00a-aa0145,Urolithiasis / Renal colic,FULLY_SPECIFIED,,,,,,Diagnosis,Text,,,,dhis2,,,,,,,,,,,,,,,,,,,,,,
Concept,MSFOCG,OpenMRS,,AA0146,da33d74e-33b3-495a-9d7c-aa00a-aa0146,UTI and renal tract acute pathology,FULLY_SPECIFIED,,,,,,Diagnosis,Text,,,,dhis2,,,,,,,,,,,,,,,,,,,,,,
Concept,MSFOCG,OpenMRS,,AA0147,da33d74e-33b3-495a-9d7c-aa00a-aa0147,Varicella,FULLY_SPECIFIED,,,,,,Diagnosis,Text,,,,dhis2,,,,,,,,,,,,,,,,,,,,,,
Concept,MSFOCG,OpenMRS,,AA0148,da33d74e-33b3-495a-9d7c-aa00a-aa0148,Violence-related injuries,FULLY_SPECIFIED,,,,,,Diagnosis,Text,,,,dhis2,,,,,,,,,,,,,,,,,,,,,,
Concept,MSFOCG,OpenMRS,,AA0149,da33d74e-33b3-495a-9d7c-aa00a-aa0149,Viral haemorrhagic fevers,FULLY_SPECIFIED,,,,,,Diagnosis,Text,,,,dhis2,,,,,,,,,,,,,,,,,,,,,,
Concept,MSFOCG,OpenMRS,,AA0150,da33d74e-33b3-495a-9d7c-aa00a-aa0150,Visceral leishmaniasis,FULLY_SPECIFIED,,,,,,Diagnosis,Text,,,,dhis2,,,,,,,,,,,,,,,,,,,,,,
Concept,MSFOCG,OpenMRS,,AA0151,da33d74e-33b3-495a-9d7c-aa00a-aa0151,Vit A deficiency,FULLY_SPECIFIED,,,,,,Diagnosis,Text,,,,dhis2,,,,,,,,,,,,,,,,,,,,,,
Concept,MSFOCG,OpenMRS,,AA0152,da33d74e-33b3-495a-9d7c-aa00a-aa0152,Vit B complex deficiency,FULLY_SPECIFIED,,,,,,Diagnosis,Text,,,,dhis2,,,,,,,,,,,,,,,,,,,,,,
Concept,MSFOCG,OpenMRS,,AA0153,da33d74e-33b3-495a-9d7c-aa00a-aa0153,Vit C deficiency (scurvy),FULLY_SPECIFIED,,,,,,Diagnosis,Text,,,,dhis2,,,,,,,,,,,,,,,,,,,,,,
Concept,MSFOCG,OpenMRS,,AA0154,da33d74e-33b3-495a-9d7c-aa00a-aa0154,Vit D deficiency (rickets),FULLY_SPECIFIED,,,,,,Diagnosis,Text,,,,dhis2,,,,,,,,,,,,,,,,,,,,,,
Concept,MSFOCG,OpenMRS,,AA0155,da33d74e-33b3-495a-9d7c-aa00a-aa0155,"Vitamin deficiencies (A, B, C, D, PP)",FULLY_SPECIFIED,,,,,,Diagnosis,Text,,,,dhis2,,,,,,,,,,,,,,,,,,,,,,
Concept,MSFOCG,OpenMRS,,AA0156,da33d74e-33b3-495a-9d7c-aa00a-aa0156,Whooping cough,FULLY_SPECIFIED,,,,,,Diagnosis,Text,,,,dhis2,,,,,,,,,,,,,,,,,,,,,,
Concept,MSFOCG,OpenMRS,,AA0157,da33d74e-33b3-495a-9d7c-aa00a-aa0157,Whooping cough (suspected),FULLY_SPECIFIED,,,,,,Diagnosis,Text,,,,dhis2,,,,,,,,,,,,,,,,,,,,,,
Concept,MSFOCG,OpenMRS,,AA0158,da33d74e-33b3-495a-9d7c-aa00a-aa0158,Yellow fever,FULLY_SPECIFIED,,,,,,Diagnosis,Text,,,,dhis2,,,,,,,,,,,,,,,,,,,,,,
Concept,MSFOCG,OpenMRS,,AA0159,da33d74e-33b3-495a-9d7c-aa00a-aa0159,Possible Diagnosis,FULLY_SPECIFIED,,,,,,Misc,Coded,,,,SMSTCARD4OE,,,,,,,,,,,,,,,,,,,,,,
Concept,MSFOCG,OpenMRS,,AA0160,da33d74e-33b3-495a-9d7c-aa00a-aa0160,Final Diagnosis,FULLY_SPECIFIED,,,,,,Misc,Coded,,,,SMSTCARD4OE,,,,,,,,,,,,,,,,,,,,,,
Concept,MSFOCG,OpenMRS,,AA0161,da33d74e-33b3-495a-9d7c-aa00a-aa0161,Current problems,FULLY_SPECIFIED,,,,,,Misc,Coded,,,,SMSTCARD4OE,,,,,,,,,,,,,,,,,,,,,,
Concept,MSFOCG,OpenMRS,,AA0162,da33d74e-33b3-495a-9d7c-aa00a-aa0162,Current problems - Other,FULLY_SPECIFIED,,,,,,Misc,Text,,,,SMSTCARD4OE,,,,,,,,,,,,,,,,,,,,,,
Concept,MSFOCG,OpenMRS,,AA0163,da33d74e-33b3-495a-9d7c-aa00a-aa0163,Patient coming from,FULLY_SPECIFIED,,,,,,Misc,Coded,,,,SMSTCARD4OE,,,,,,,,,,,,,,,,,,,,,,
Concept,MSFOCG,OpenMRS,,AA0164,da33d74e-33b3-495a-9d7c-aa00a-aa0164,Home,FULLY_SPECIFIED,,,,,,Misc,Text,,,,SMSTCARD4OE,,,,,,,,,,,,,,,,,,,,,,
Concept,MSFOCG,OpenMRS,,AA0165,da33d74e-33b3-495a-9d7c-aa00a-aa0165,Emergency room (ER),FULLY_SPECIFIED,,,,,,Misc,Text,,,,SMSTCARD4OE,,,,,,,,,,,,,,,,,,,,,,
Concept,MSFOCG,OpenMRS,,AA0166,da33d74e-33b3-495a-9d7c-aa00a-aa0166,Health facility,FULLY_SPECIFIED,,,,,,Misc,Text,,,,SMSTCARD4OE,,,,,,,,,,,,,,,,,,,,,,
Concept,MSFOCG,OpenMRS,,AA0167,da33d74e-33b3-495a-9d7c-aa00a-aa0167,NGO,FULLY_SPECIFIED,,,,,,Misc,Text,,,,SMSTCARD4OE,,,,,,,,,,,,,,,,,,,,,,
Concept,MSFOCG,OpenMRS,,AA0168,da33d74e-33b3-495a-9d7c-aa00a-aa0168,Operation theatre (OT),FULLY_SPECIFIED,,,,,,Misc,Text,,,,SMSTCARD4OE,,,,,,,,,,,,,,,,,,,,,,
Concept,MSFOCG,OpenMRS,,AA0169,da33d74e-33b3-495a-9d7c-aa00a-aa0169,Intensive care unit (ICU),FULLY_SPECIFIED,,,,,,Misc,Text,,,,SMSTCARD4OE,,,,,,,,,,,,,,,,,,,,,,
Concept,MSFOCG,OpenMRS,,AA0170,da33d74e-33b3-495a-9d7c-aa00a-aa0170,Maternity,FULLY_SPECIFIED,,,,,,Misc,Text,,,,SMSTCARD4OE,,,,,,,,,,,,,,,,,,,,,,
Concept,MSFOCG,OpenMRS,,AA0171,da33d74e-33b3-495a-9d7c-aa00a-aa0171,Chief complaint,FULLY_SPECIFIED,,,,,,Misc,Text,Reason for the presentation on this visit and history of this illness,,,SMSTCARD4OE,,,,,,,,,,,,,,,,,,,,,,
Concept,MSFOCG,OpenMRS,,AA0172,da33d74e-33b3-495a-9d7c-aa00a-aa0172,Past medical history,FULLY_SPECIFIED,,,,,,Misc,Text,"Medical, surgical,obstetric, gynaecology. Childhood illness-if under 18",,,SMSTCARD4OE,,,,,,,,,,,,,,,,,,,,,,
Concept,MSFOCG,OpenMRS,,AA0173,da33d74e-33b3-495a-9d7c-aa00a-aa0173,Clinical assessment,FULLY_SPECIFIED,,,,,,Misc,Text,,,,SMSTCARD4OE,,,,,,,,,,,,,,,,,,,,,,
Concept,MSFOCG,OpenMRS,,AA0174,da33d74e-33b3-495a-9d7c-aa00a-aa0174,Skin,FULLY_SPECIFIED,,,,,,Misc,Text,,,,SMSTCARD4OE,,,,,,,,,,,,,,,,,,,,,,
Concept,MSFOCG,OpenMRS,,AA0175,da33d74e-33b3-495a-9d7c-aa00a-aa0175,Lungs,FULLY_SPECIFIED,,,,,,Misc,Text,,,,SMSTCARD4OE,,,,,,,,,,,,,,,,,,,,,,
Concept,MSFOCG,OpenMRS,,AA0176,da33d74e-33b3-495a-9d7c-aa00a-aa0176,Cardiovascular system,FULLY_SPECIFIED,,,,,,Misc,Text,,,,SMSTCARD4OE,,,,,,,,,,,,,,,,,,,,,,