resource_type,owner_id,source,collection,id,external_id,name,name_type,name_external_id,name[fr],name_type[fr],name_locale[fr],name_external_id[fr],concept_class,datatype,description,description_external_id,released,attr:precise,attr:units,map_external_id,map_target,map_type,map_from_concept_url,map_to_concept_url,map_from_concept_owner_id,map_from_concept_source,map_from_concept_id,map_to_concept_owner_id,map_to_concept_source,map_to_concept_id,map_to_concept_name,map_source[dsme1],map_to_concept_owner_id[dsme1],map_to_concept_source[dsme1],map_to_concept_id[dsme1],extmap_to_concept_owner_id[1],extmap_to_concept_source[1],extmap_to_concept_id[1],extmap_to_concept_name[1]
Mapping,MSFOCG,OpenMRS,,MAP-AA0001,,,,,,,,,,,,,,,,,Internal,SAME-AS,,,MSFOCG,OpenMRS,AA0001,MSFOCG,DHIS2DataElements,Z3a44uyRxNB,,,,,,,,,
Mapping,MSFOCG,OpenMRS,,MAP-AA0002,,,,,,,,,,,,,,,,,Internal,SAME-AS,,,MSFOCG,OpenMRS,AA0002,MSFOCG,DHIS2DataElements,lqK8WcEG6id,,,,,,,,,
Mapping,MSFOCG,OpenMRS,,MAP-AA0003,,,,,,,,,,,,,,,,,Internal,SAME-AS,,,MSFOCG,OpenMRS,AA0003,MSFOCG,DHIS2DataElements,qip0AsP3ZJz,,,,,,,,,
Mapping,MSFOCG,OpenMRS,,MAP-AA0004,,,,,,,,,,,,,,,,,Internal,SAME-AS,,,MSFOCG,OpenMRS,AA0004,MSFOCG,DHIS2DataElements,L0Y1ENVEDUB,,,,,,,,,
Mapping,MSFOCG,OpenMRS,,MAP-AA0005,,,,,,,,,,,,,,,,,Internal,SAME-AS,,,MSFOCG,OpenMRS,AA0005,MSFOCG,DHIS2DataElements,e5katj85hxr,,,,,,,,,
Mapping,MSFOCG,OpenMRS,,MAP-AA0006,,,,,,,,,,,,,,,,,Internal,SAME-AS,,,MSFOCG,OpenMRS,AA0006,MSFOCG,DHIS2DataElements,KawFxJKLH84,,,,,,,,,
Mapping,MSFOCG,OpenMRS,,MAP-AA0007,,,,,,,,,,,,,,,,,Internal,SAME-AS,,,MSFOCG,OpenMRS,AA0007,MSFOCG,DHIS2DataElements,SspRlAg9tHl,,,,,,,,,
Mapping,MSFOCG,OpenMRS,,MAP-AA0008,,,,,,,,,,,,,,,,,Internal,SAME-AS,,,MSFOCG,OpenMRS,AA0008,MSFOCG,DHIS2DataElements,mZvzX4Oci8g,,,,,,,,,
Mapping,MSFOCG,OpenMRS,,MAP-AA0009,,,,,,,,,,,,,,,,,Internal,SAME-AS,,,MSFOCG,OpenMRS,AA0009,MSFOCG,DHIS2DataElements,TfSfk0zoYnU,,,,,,,,,
Mapping,MSFOCG,OpenMRS,,MAP-AA0010,,,,,,,,,,,,,,,,,Internal,SAME-AS,,,MSFOCG,OpenMRS,AA0010,MSFOCG,DHIS2DataElements,vLesHIVnS1D,,,,,,,,,
Mapping,MSFOCG,OpenMRS,,MAP-AA0011,,,,,,,,,,,,,,,,,Internal,SAME-AS,,,MSFOCG,OpenMRS,AA0011,MSFOCG,DHIS2DataElements,s84ilA2gs64,,,,,,,,,
Mapping,MSFOCG,OpenMRS,,MAP-AA0012,,,,,,,,,,,,,,,,,Internal,SAME-AS,,,MSFOCG,OpenMRS,AA0012,MSFOCG,DHIS2DataElements,wZHd2TNPLga,,,,,,,,,
Mapping,MSFOCG,OpenMRS,,MAP-AA0013,,,,,,,,,,,,,,,,,Internal,SAME-AS,,,MSFOCG,OpenMRS,AA0013,MSFOCG,DHIS2DataElements,WCTYjU0pzn0,,,,,,,,,
Mapping,MSFOCG,OpenMRS,,MAP-AA0014,,,,,,,,,,,,,,,,,Internal,SAME-AS,,,MSFOCG,OpenMRS,AA0014,MSFOCG,DHIS2DataElements,ObGdga9msFo,,,,,,,,,
Mapping,MSFOCG,OpenMRS,,MAP-AA0015,,,,,,,,,,,,,,,,,Internal,SAME-AS,,,MSFOCG,OpenMRS,AA0015,MSFOCG,DHIS2DataElements,EvgyUrGUvmX,,,,,,,,,
Mapping,MSFOCG,OpenMRS,,MAP-AA0016,,,,,,,,,,,,,,,,,Internal,SAME-AS,,,MSFOCG,OpenMRS,AA0016,MSFOCG,DHIS2DataElements,UOjY4dLiZFM,,,,,,,,,
Mapping,MSFOCG,OpenMRS,,MAP-AA0017,,,,,,,,,,,,,,,,,Internal,SAME-AS,,,MSFOCG,OpenMRS,AA0017,MSFOCG,DHIS2DataElements,QScrSPngbvN,,,,,,,,,
Mapping,MSFOCG,OpenMRS,,MAP-AA0018,,,,,,,,,,,,,,,,,Internal,SAME-AS,,,MSFOCG,OpenMRS,AA0018,MSFOCG,DHIS2DataElements,d1QMTd957MD,,,,,,,,,
Mapping,MSFOCG,OpenMRS,,MAP-AA0019,,,,,,,,,,,,,,,,,Internal,SAME-AS,,,MSFOCG,OpenMRS,AA0019,MSFOCG,DHIS2DataElements,W0iI7zhn1Uo,,,,,,,,,
Mapping,MSFOCG,OpenMRS,,MAP-AA0020,,,,,,,,,,,,,,,,,Internal,SAME-AS,,,MSFOCG,OpenMRS,AA0020,MSFOCG,DHIS2DataElements,c8CGbG4t8gv,,,,,,,,,
Mapping,MSFOCG,OpenMRS,,MAP-AA0021,,,,,,,,,,,,,,,,,Internal,SAME-AS,,,MSFOCG,OpenMRS,AA0021,MSFOCG,DHIS2DataElements,HSbKw7hu8LE,,,,,,,,,
Mapping,MSFOCG,OpenMRS,,MAP-AA0022,,,,,,,,,,,,,,,,,Internal,SAME-AS,,,MSFOCG,OpenMRS,AA0022,MSFOCG,DHIS2DataElements,FLlwKyMiemk,,,,,,,,,
Mapping,MSFOCG,OpenMRS,,MAP-AA0023,,,,,,,,,,,,,,,,,Internal,SAME-AS,,,MSFOCG,OpenMRS,AA0023,MSFOCG,DHIS2DataElements,nhAcHO2wmfG,,,,,,,,,
Mapping,MSFOCG,OpenMRS,,MAP-AA0024,,,,,,,,,,,,,,,,,Internal,SAME-AS,,,MSFOCG,OpenMRS,AA0024,MSFOCG,DHIS2DataElements,ihToLBNevY1,,,,,,,,,
Mapping,MSFOCG,OpenMRS,,MAP-AA0025,,,,,,,,,,,,,,,,,Internal,SAME-AS,,,MSFOCG,OpenMRS,AA0025,MSFOCG,DHIS2DataElements,OyDGwMZDbmQ,,,,,,,,,
Mapping,MSFOCG,OpenMRS,,MAP-AA0026,,,,,,,,,,,,,,,,,Internal,SAME-AS,,,MSFOCG,OpenMRS,AA0026,MSFOCG,DHIS2DataElements,w7M8twtbZrJ,,,,,,,,,
Mapping,MSFOCG,OpenMRS,,MAP-AA0027,,,,,,,,,,,,,,,,,Internal,SAME-AS,,,MSFOCG,OpenMRS,AA0027,MSFOCG,DHIS2DataElements,XV6hW9z5jGk,,,,,,,,,
Mapping,MSFOCG,OpenMRS,,MAP-AA0028,,,,,,,,,,,,,,,,,Internal,SAME-AS,,,MSFOCG,OpenMRS,AA0028,MSFOCG,DHIS2DataElements,HzCr1TXJH6g,,,,,,,,,
Mapping,MSFOCG,OpenMRS,,MAP-AA0029,,,,,,,,,,,,,,,,,Internal,SAME-AS,,,MSFOCG,OpenMRS,AA0029,MSFOCG,DHIS2DataElements,cYL2krtkPfq,,,,,,,,,
Mapping,MSFOCG,OpenMRS,,MAP-AA0030,,,,,,,,,,,,,,,,,Internal,SAME-AS,,,MSFOCG,OpenMRS,AA0030,MSFOCG,DHIS2DataElements,HtmWNfanb1I,,,,,,,,,
Mapping,MSFOCG,OpenMRS,,MAP-AA0031,,,,,,,,,,,,,,,,,Internal,SAME-AS,,,MSFOCG,OpenMRS,AA0031,MSFOCG,DHIS2DataElements,EVXUD7gtnWN,,,,,,,,,
Mapping,MSFOCG,OpenMRS,,MAP-AA0032,,,,,,,,,,,,,,,,,Internal,SAME-AS,,,MSFOCG,OpenMRS,AA0032,MSFOCG,DHIS2DataElements,Fx0IXZjRqeS,,,,,,,,,
Mapping,MSFOCG,OpenMRS,,MAP-AA0033,,,,,,,,,,,,,,,,,Internal,SAME-AS,,,MSFOCG,OpenMRS,AA0033,MSFOCG,DHIS2DataElements,gVwgkYCavRg,,,,,,,,,
Mapping,MSFOCG,OpenMRS,,MAP-AA0034,,,,,,,,,,,,,,,,,Internal,SAME-AS,,,MSFOCG,OpenMRS,AA0034,MSFOCG,DHIS2DataElements,fs48BklsdgR,,,,,,,,,
Mapping,MSFOCG,OpenMRS,,MAP-AA0035,,,,,,,,,,,,,,,,,Internal,SAME-AS,,,MSFOCG,OpenMRS,AA0035,MSFOCG,DHIS2DataElements,jUFmKSxcLIj,,,,,,,,,
Mapping,MSFOCG,OpenMRS,,MAP-AA0036,,,,,,,,,,,,,,,,,Internal,SAME-AS,,,MSFOCG,OpenMRS,AA0036,MSFOCG,DHIS2DataElements,kU4nwLmUWI1,,,,,,,,,
Mapping,MSFOCG,OpenMRS,,MAP-AA0037,,,,,,,,,,,,,,,,,Internal,SAME-AS,,,MSFOCG,OpenMRS,AA0037,MSFOCG,DHIS2DataElements,jNnzycF7Gpc,,,,,,,,,
Mapping,MSFOCG,OpenMRS,,MAP-AA0038,,,,,,,,,,,,,,,,,Internal,SAME-AS,,,MSFOCG,OpenMRS,AA0038,MSFOCG,DHIS2DataElements,eLBxayzQdC5,,,,,,,,,
Mapping,MSFOCG,OpenMRS,,MAP-AA0039,,,,,,,,,,,,,,,,,Internal,SAME-AS,,,MSFOCG,OpenMRS,AA0039,MSFOCG,DHIS2DataElements,MF7Aia68CwM,,,,,,,,,
Mapping,MSFOCG,OpenMRS,,MAP-AA0040,,,,,,,,,,,,,,,,,Internal,SAME-AS,,,MSFOCG,OpenMRS,AA0040,MSFOCG,DHIS2DataElements,Q5aZhRBcSnQ,,,,,,,,,
Mapping,MSFOCG,OpenMRS,,MAP-AA0041,,,,,,,,,,,,,,,,,Internal,SAME-AS,,,MSFOCG,OpenMRS,AA0041,MSFOCG,DHIS2DataElements,MBHmWceNKab,,,,,,,,,
Mapping,MSFOCG,OpenMRS,,MAP-AA0042,,,,,,,,,,,,,,,,,Internal,SAME-AS,,,MSFOCG,OpenMRS,AA0042,MSFOCG,DHIS2DataElements,r3Z6m1sCHiL,,,,,,,,,
Mapping,MSFOCG,OpenMRS,,MAP-AA0043,,,,,,,,,,,,,,,,,Internal,SAME-AS,,,MSFOCG,OpenMRS,AA0043,MSFOCG,DHIS2DataElements,uZRCdiSPgjG,,,,,,,,,
Mapping,MSFOCG,OpenMRS,,MAP-AA0044,,,,,,,,,,,,,,,,,Internal,SAME-AS,,,MSFOCG,OpenMRS,AA0044,MSFOCG,DHIS2DataElements,guPBLcqy2OM,,,,,,,,,
Mapping,MSFOCG,OpenMRS,,MAP-AA0045,,,,,,,,,,,,,,,,,Internal,SAME-AS,,,MSFOCG,OpenMRS,AA0045,MSFOCG,DHIS2DataElements,mUXiIoU39pF,,,,,,,,,
Mapping,MSFOCG,OpenMRS,,MAP-AA0046,,,,,,,,,,,,,,,,,Internal,SAME-AS,,,MSFOCG,OpenMRS,AA0046,MSFOCG,DHIS2DataElements,OLMsNZXhLgc,,,,,,,,,
Mapping,MSFOCG,OpenMRS,,MAP-AA0047,,,,,,,,,,,,,,,,,Internal,SAME-AS,,,MSFOCG,OpenMRS,AA0047,MSFOCG,DHIS2DataElements,HGvrWRQuis3,,,,,,,,,
Mapping,MSFOCG,OpenMRS,,MAP-AA0048,,,,,,,,,,,,,,,,,Internal,SAME-AS,,,MSFOCG,OpenMRS,AA0048,MSFOCG,DHIS2DataElements,Dkb0fUuQSzI,,,,,,,,,
Mapping,MSFOCG,OpenMRS,,MAP-AA0049,,,,,,,,,,,,,,,,,Internal,SAME-AS,,,MSFOCG,OpenMRS,AA0049,MSFOCG,DHIS2DataElements,q0esjaHPBEV,,,,,,,,,
Mapping,MSFOCG,OpenMRS,,MAP-AA0050,,,,,,,,,,,,,,,,,Internal,SAME-AS,,,MSFOCG,OpenMRS,AA0050,MSFOCG,DHIS2DataElements,GoRQIISia4S,,,,,,,,,
Mapping,MSFOCG,OpenMRS,,MAP-AA0051,,,,,,,,,,,,,,,,,Internal,SAME-AS,,,MSFOCG,OpenMRS,AA0051,MSFOCG,DHIS2DataElements,xAhh8favK4e,,,,,,,,,
Mapping,MSFOCG,OpenMRS,,MAP-AA0052,,,,,,,,,,,,,,,,,Internal,SAME-AS,,,MSFOCG,OpenMRS,AA0052,MSFOCG,DHIS2DataElements,qhHkQxgw9vl,,,,,,,,,
Mapping,MSFOCG,OpenMRS,,MAP-AA0053,,,,,,,,,,,,,,,,,Internal,SAME-AS,,,MSFOCG,OpenMRS,AA0053,MSFOCG,DHIS2DataElements,E8PcM7kmqym,,,,,,,,,
Mapping,MSFOCG,OpenMRS,,MAP-AA0054,,,,,,,,,,,,,,,,,Internal,SAME-AS,,,MSFOCG,OpenMRS,AA0054,MSFOCG,DHIS2DataElements,OEnhlObOnOn,,,,,,,,,
Mapping,MSFOCG,OpenMRS,,MAP-AA0055,,,,,,,,,,,,,,,,,Internal,SAME-AS,,,MSFOCG,OpenMRS,AA0055,MSFOCG,DHIS2DataElements,taw9ODstoeI,,,,,,,,,
Mapping,MSFOCG,OpenMRS,,MAP-AA0056,,,,,,,,,,,,,,,,,Internal,SAME-AS,,,MSFOCG,OpenMRS,AA0056,MSFOCG,DHIS2DataElements,WrVSZHiK0dS,,,,,,,,,
Mapping,MSFOCG,OpenMRS,,MAP-AA0057,,,,,,,,,,,,,,,,,Internal,SAME-AS,,,MSFOCG,OpenMRS,AA0057,MSFOCG,DHIS2DataElements,wY5LyAZwfXE,,,,,,,,,
Mapping,MSFOCG,OpenMRS,,MAP-AA0058,,,,,,,,,,,,,,,,,Internal,SAME-AS,,,MSFOCG,OpenMRS,AA0058,MSFOCG,DHIS2DataElements,p4pmZ7afPeW,,,,,,,,,
Mapping,MSFOCG,OpenMRS,,MAP-AA0059,,,,,,,,,,,,,,,,,Internal,SAME-AS,,,MSFOCG,OpenMRS,AA0059,MSFOCG,DHIS2DataElements,oKPY5saMOv9,,,,,,,,,
Mapping,MSFOCG,OpenMRS,,MAP-AA0060,,,,,,,,,,,,,,,,,Internal,SAME-AS,,,MSFOCG,OpenMRS,AA0060,MSFOCG,DHIS2DataElements,vY1PYIMeFtf,,,,,,,,,
Mapping,MSFOCG,OpenMRS,,MAP-AA0061,,,,,,,,,,,,,,,,,Internal,SAME-AS,,,MSFOCG,OpenMRS,AA0061,MSFOCG,DHIS2DataElements,xdAImFm1mtV,,,,,,,,,
Mapping,MSFOCG,OpenMRS,,MAP-AA0062,,,,,,,,,,,,,,,,,Internal,SAME-AS,,,MSFOCG,OpenMRS,AA0062,MSFOCG,DHIS2DataElements,SJyNGGseiX4,,,,,,,,,
Mapping,MSFOCG,OpenMRS,,MAP-AA0063,,,,,,,,,,,,,,,,,Internal,SAME-AS,,,MSFOCG,OpenMRS,AA0063,MSFOCG,DHIS2DataElements,D54uxyEM4HC,,,,,,,,,
Mapping,MSFOCG,OpenMRS,,MAP-AA0064,,,,,,,,,,,,,,,,,Internal,SAME-AS,,,MSFOCG,OpenMRS,AA0064,MSFOCG,DHIS2DataElements,HNFkafeqq0o,,,,,,,,,
Mapping,MSFOCG,OpenMRS,,MAP-AA0065,,,,,,,,,,,,,,,,,Internal,SAME-AS,,,MSFOCG,OpenMRS,AA0065,MSFOCG,DHIS2DataElements,QwN8n9BBNHC,,,,,,,,,
Mapping,MSFOCG,OpenMRS,,MAP-AA0066,,,,,,,,,,,,,,,,,Internal,SAME-AS,,,MSFOCG,OpenMRS,AA0066,MSFOCG,DHIS2DataElements,c9hin85tKuR,,,,,,,,,
Mapping,MSFOCG,OpenMRS,,MAP-AA0067,,,,,,,,,,,,,,,,,Internal,SAME-AS,,,MSFOCG,OpenMRS,AA0067,MSFOCG,DHIS2DataElements,P6c2hq6Exoz,,,,,,,,,
Mapping,MSFOCG,OpenMRS,,MAP-AA0068,,,,,,,,,,,,,,,,,Internal,SAME-AS,,,MSFOCG,OpenMRS,AA0068,MSFOCG,DHIS2DataElements,pSIZX2hp1Fc,,,,,,,,,
Mapping,MSFOCG,OpenMRS,,MAP-AA0069,,,,,,,,,,,,,,,,,Internal,SAME-AS,,,MSFOCG,OpenMRS,AA0069,MSFOCG,DHIS2DataElements,SSbM4Z46MdW,,,,,,,,,
Mapping,MSFOCG,OpenMRS,,MAP-AA0070,,,,,,,,,,,,,,,,,Internal,SAME-AS,,,MSFOCG,OpenMRS,AA0070,MSFOCG,DHIS2DataElements,lNIgE6gOIms,,,,,,,,,
Mapping,MSFOCG,OpenMRS,,MAP-AA0071,,,,,,,,,,,,,,,,,Internal,SAME-AS,,,MSFOCG,OpenMRS,AA0071,MSFOCG,DHIS2DataElements,gld3vRJ70NY,,,,,,,,,
Mapping,MSFOCG,OpenMRS,,MAP-AA0072,,,,,,,,,,,,,,,,,Internal,SAME-AS,,,MSFOCG,OpenMRS,AA0072,MSFOCG,DHIS2DataElements,lWP5ZByd1zK,,,,,,,,,
Mapping,MSFOCG,OpenMRS,,MAP-AA0073,,,,,,,,,,,,,,,,,Internal,SAME-AS,,,MSFOCG,OpenMRS,AA0073,MSFOCG,DHIS2DataElements,OqYmlvsR2l1,,,,,,,,,
Mapping,MSFOCG,OpenMRS,,MAP-AA0074,,,,,,,,,,,,,,,,,Internal,SAME-AS,,,MSFOCG,OpenMRS,AA0074,MSFOCG,DHIS2DataElements,C36Y1mjE3I7,,,,,,,,,
Mapping,MSFOCG,OpenMRS,,MAP-AA0075,,,,,,,,,,,,,,,,,Internal,SAME-AS,,,MSFOCG,OpenMRS,AA0075,MSFOCG,DHIS2DataElements,bqLAGVTOWjy,,,,,,,,,
Mapping,MSFOCG,OpenMRS,,MAP-AA0076,,,,,,,,,,,,,,,,,Internal,SAME-AS,,,MSFOCG,OpenMRS,AA0076,MSFOCG,DHIS2DataElements,SSXreuhLu4v,,,,,,,,,
Mapping,MSFOCG,OpenMRS,,MAP-AA0077,,,,,,,,,,,,,,,,,Internal,SAME-AS,,,MSFOCG,OpenMRS,AA0077,MSFOCG,DHIS2DataElements,pMZwuGFbF2q,,,,,,,,,
Mapping,MSFOCG,OpenMRS,,MAP-AA0078,,,,,,,,,,,,,,,,,Internal,SAME-AS,,,MSFOCG,OpenMRS,AA0078,MSFOCG,DHIS2DataElements,Nh5FyQCBZUv,,,,,,,,,
Mapping,MSFOCG,OpenMRS,,MAP-AA0079,,,,,,,,,,,,,,,,,Internal,SAME-AS,,,MSFOCG,OpenMRS,AA0079,MSFOCG,DHIS2DataElements,pzJQ9IzMiWt,,,,,,,,,
Mapping,MSFOCG,OpenMRS,,MAP-AA0080,,,,,,,,,,,,,,,,,Internal,SAME-AS,,,MSFOCG,OpenMRS,AA0080,MSFOCG,DHIS2DataElements,viLcQdJoLaw,,,,,,,,,
Mapping,MSFOCG,OpenMRS,,MAP-AA0081,,,,,,,,,,,,,,,,,Internal,SAME-AS,,,MSFOCG,OpenMRS,AA0081,MSFOCG,DHIS2DataElements,UYHjsnChjKU,,,,,,,,,
Mapping,MSFOCG,OpenMRS,,MAP-AA0082,,,,,,,,,,,,,,,,,Internal,SAME-AS,,,MSFOCG,OpenMRS,AA0082,MSFOCG,DHIS2DataElements,mMwXhIo5XVG,,,,,,,,,
Mapping,MSFOCG,OpenMRS,,MAP-AA0083,,,,,,,,,,,,,,,,,Internal,SAME-AS,,,MSFOCG,OpenMRS,AA0083,MSFOCG,DHIS2DataElements,zec7R7wZQN1,,,,,,,,,
Mapping,MSFOCG,OpenMRS,,MAP-AA0084,,,,,,,,,,,,,,,,,Internal,SAME-AS,,,MSFOCG,OpenMRS,AA0084,MSFOCG,DHIS2DataElements,aEtZ9EnYNdW,,,,,,,,,
Mapping,MSFOCG,OpenMRS,,MAP-AA0085,,,,,,,,,,,,,,,,,Internal,SAME-AS,,,MSFOCG,OpenMRS,AA0085,MSFOCG,DHIS2DataElements,Y829anLUP4k,,,,,,,,,
Mapping,MSFOCG,OpenMRS,,MAP-AA0086,,,,,,,,,,,,,,,,,Internal,SAME-AS,,,MSFOCG,OpenMRS,AA0086,MSFOCG,DHIS2DataElements,c8ral3K2Q6f,,,,,,,,,
Mapping,MSFOCG,OpenMRS,,MAP-AA0087,,,,,,,,,,,,,,,,,Internal,SAME-AS,,,MSFOCG,OpenMRS,AA0087,MSFOCG,DHIS2DataElements,xSY3FToFqJ2,,,,,,,,,
Mapping,MSFOCG,OpenMRS,,MAP-AA0088,,,,,,,,,,,,,,,,,Internal,SAME-AS,,,MSFOCG,OpenMRS,AA0088,MSFOCG,DHIS2DataElements,nDyaGi9Y9nX,,,,,,,,,
Mapping,MSFOCG,OpenMRS,,MAP-AA0089,,,,,,,,,,,,,,,,,Internal,SAME-AS,,,MSFOCG,OpenMRS,AA0089,MSFOCG,DHIS2DataElements,NAnQpxK1rhi,,,,,,,,,
Mapping,MSFOCG,OpenMRS,,MAP-AA0090,,,,,,,,,,,,,,,,,Internal,SAME-AS,,,MSFOCG,OpenMRS,AA0090,MSFOCG,DHIS2DataElements,KIp7uHfcOIw,,,,,,,,,
Mapping,MSFOCG,OpenMRS,,MAP-AA0091,,,,,,,,,,,,,,,,,Internal,SAME-AS,,,MSFOCG,OpenMRS,AA0091,MSFOCG,DHIS2DataElements,hOyrqP1vab1,,,,,,,,,
Mapping,MSFOCG,OpenMRS,,MAP-AA0092,,,,,,,,,,,,,,,,,Internal,SAME-AS,,,MSFOCG,OpenMRS,AA0092,MSFOCG,DHIS2DataElements,fdeR5QPDFdK,,,,,,,,,
Mapping,MSFOCG,OpenMRS,,MAP-AA0093,,,,,,,,,,,,,,,,,Internal,SAME-AS,,,MSFOCG,OpenMRS,AA0093,MSFOCG,DHIS2DataElements,EKaLqpGiQQN,,,,,,,,,
Mapping,MSFOCG,OpenMRS,,MAP-AA0094,,,,,,,,,,,,,,,,,Internal,SAME-AS,,,MSFOCG,OpenMRS,AA0094,MSFOCG,DHIS2DataElements,iQoekW923DY,,,,,,,,,
Mapping,MSFOCG,OpenMRS,,MAP-AA0095,,,,,,,,,,,,,,,,,Internal,SAME-AS,,,MSFOCG,OpenMRS,AA0095,MSFOCG,DHIS2DataElements,jXYzTyba41b,,,,,,,,,
Mapping,MSFOCG,OpenMRS,,MAP-AA0096,,,,,,,,,,,,,,,,,Internal,SAME-AS,,,MSFOCG,OpenMRS,AA0096,MSFOCG,DHIS2DataElements,Vr3KrV4y3Ex,,,,,,,,,
Mapping,MSFOCG,OpenMRS,,MAP-AA0097,,,,,,,,,,,,,,,,,Internal,SAME-AS,,,MSFOCG,OpenMRS,AA0097,MSFOCG,DHIS2DataElements,KFkBLYtfDPL,,,,,,,,,
Mapping,MSFOCG,OpenMRS,,MAP-AA0098,,,,,,,,,,,,,,,,,Internal,SAME-AS,,,MSFOCG,OpenMRS,AA0098,MSFOCG,DHIS2DataElements,mxJaRRoFNvL,,,,,,,,,
Mapping,MSFOCG,OpenMRS,,MAP-AA0099,,,,,,,,,,,,,,,,,Internal,SAME-AS,,,MSFOCG,OpenMRS,AA0099,MSFOCG,DHIS2DataElements,lsn3M9k84ah,,,,,,,,,
Mapping,MSFOCG,OpenMRS,,MAP-AA0100,,,,,,,,,,,,,,,,,Internal,SAME-AS,,,MSFOCG,OpenMRS,AA0100,MSFOCG,DHIS2DataElements,aWuOetcWl6g,,,,,,,,,
Mapping,MSFOCG,OpenMRS,,MAP-AA0101,,,,,,,,,,,,,,,,,Internal,SAME-AS,,,MSFOCG,OpenMRS,AA0101,MSFOCG,DHIS2DataElements,UM1RWYHhR5C,,,,,,,,,
Mapping,MSFOCG,OpenMRS,,MAP-AA0102,,,,,,,,,,,,,,,,,Internal,SAME-AS,,,MSFOCG,OpenMRS,AA0102,MSFOCG,DHIS2DataElements,efIoyQ4ud7d,,,,,,,,,
Mapping,MSFOCG,OpenMRS,,MAP-AA0103,,,,,,,,,,,,,,,,,Internal,SAME-AS,,,MSFOCG,OpenMRS,AA0103,MSFOCG,DHIS2DataElements,V8HSBc5KkUE,,,,,,,,,
Mapping,MSFOCG,OpenMRS,,MAP-AA0104,,,,,,,,,,,,,,,,,Internal,SAME-AS,,,MSFOCG,OpenMRS,AA0104,MSFOCG,DHIS2DataElements,XSEw4ejeQrv,,,,,,,,,
Mapping,MSFOCG,OpenMRS,,MAP-AA0105,,,,,,,,,,,,,,,,,Internal,SAME-AS,,,MSFOCG,OpenMRS,AA0105,MSFOCG,DHIS2DataElements,RUnZu1Exchx,,,,,,,,,
Mapping,MSFOCG,OpenMRS,,MAP-AA0106,,,,,,,,,,,,,,,,,Internal,SAME-AS,,,MSFOCG,OpenMRS,AA0106,MSFOCG,DHIS2DataElements,BfcUVAyq3V2,,,,,,,,,
Mapping,MSFOCG,OpenMRS,,MAP-AA0107,,,,,,,,,,,,,,,,,Internal,SAME-AS,,,MSFOCG,OpenMRS,AA0107,MSFOCG,DHIS2DataElements,TbWKJtUY081,,,,,,,,,
Mapping,MSFOCG,OpenMRS,,MAP-AA0108,,,,,,,,,,,,,,,,,Internal,SAME-AS,,,MSFOCG,OpenMRS,AA0108,MSFOCG,DHIS2DataElements,bRG8w30QzPl,,,,,,,,,
Mapping,MSFOCG,OpenMRS,,MAP-AA0109,,,,,,,,,,,,,,,,,Internal,SAME-AS,,,MSFOCG,OpenMRS,AA0109,MSFOCG,DHIS2DataElements,GJlDAEnsaQJ,,,,,,,,,
Mapping,MSFOCG,OpenMRS,,MAP-AA0110,,,,,,,,,,,,,,,,,Internal,SAME-AS,,,MSFOCG,OpenMRS,AA0110,MSFOCG,DHIS2DataElements,z5O6lVxOgqY,,,,,,,,,
Mapping,MSFOCG,OpenMRS,,MAP-AA0111,,,,,,,,,,,,,,,,,Internal,SAME-AS,,,MSFOCG,OpenMRS,AA0111,MSFOCG,DHIS2DataElements,QZDqS7O6ac0,,,,,,,,,
Mapping,MSFOCG,OpenMRS,,MAP-AA0112,,,,,,,,,,,,,,,,,Internal,SAME-AS,,,MSFOCG,OpenMRS,AA0112,MSFOCG,DHIS2DataElements,f3xbm6OfhLm,,,,,,,,,
Mapping,MSFOCG,OpenMRS,,MAP-AA0113,,,,,,,,,,,,,,,,,Internal,SAME-AS,,,MSFOCG,OpenMRS,AA0113,MSFOCG,DHIS2DataElements,uEAuDNio7lm,,,,,,,,,
Mapping,MSFOCG,OpenMRS,,MAP-AA0114,,,,,,,,,,,,,,,,,Internal,SAME-AS,,,MSFOCG,OpenMRS,AA0114,MSFOCG,DHIS2DataElements,jzayupeluHB,,,,,,,,,
Mapping,MSFOCG,OpenMRS,,MAP-AA0115,,,,,,,,,,,,,,,,,Internal,SAME-AS,,,MSFOCG,OpenMRS,AA0115,MSFOCG,DHIS2DataElements,YjzuRtJwYom,,,,,,,,,
Mapping,MSFOCG,OpenMRS,,MAP-AA0116,,,,,,,,,,,,,,,,,Internal,SAME-AS,,,MSFOCG,OpenMRS,AA0116,MSFOCG,DHIS2DataElements,MYGjHjHkVEj,,,,,,,,,
Mapping,MSFOCG,OpenMRS,,MAP-AA0117,,,,,,,,,,,,,,,,,Internal,SAME-AS,,,MSFOCG,OpenMRS,AA0117,MSFOCG,DHIS2DataElements,DyLMTTRQv9w,,,,,,,,,
Mapping,MSFOCG,OpenMRS,,MAP-AA0118,,,,,,,,,,,,,,,,,Internal,SAME-AS,,,MSFOCG,OpenMRS,AA0118,MSFOCG,DHIS2DataElements,UBCEhiojhqB,,,,,,,,,
Mapping,MSFOCG,OpenMRS,,MAP-AA0119,,,,,,,,,,,,,,,,,Internal,SAME-AS,,,MSFOCG,OpenMRS,AA0119,MSFOCG,DHIS2DataElements,IbmYLnjdiHw,,,,,,,,,
Mapping,MSFOCG,OpenMRS,,MAP-AA0120,,,,,,,,,,,,,,,,,Internal,SAME-AS,,,MSFOCG,OpenMRS,AA0120,MSFOCG,DHIS2DataElements,ZqfElRlAkDY,,,,,,,,,
Mapping,MSFOCG,OpenMRS,,MAP-AA0121,,,,,,,,,,,,,,,,,Internal,SAME-AS,,,MSFOCG,OpenMRS,AA0121,MSFOCG,DHIS2DataElements,g8eUyWaOnJs,,,,,,,,,
Mapping,MSFOCG,OpenMRS,,MAP-AA0122,,,,,,,,,,,,,,,,,Internal,SAME-AS,,,MSFOCG,OpenMRS,AA0122,MSFOCG,DHIS2DataElements,Nig0CY5Yavz,,,,,,,,,
Mapping,MSFOCG,OpenMRS,,MAP-AA0123,,,,,,,,,,,,,,,,,Internal,SAME-AS,,,MSFOCG,OpenMRS,AA0123,MSFOCG,DHIS2DataElements,qKPHsOAYn7y,,,,,,,,,
Mapping,MSFOCG,OpenMRS,,MAP-AA0124,,,,,,,,,,,,,,,,,Internal,SAME-AS,,,MSFOCG,OpenMRS,AA0124,MSFOCG,DHIS2DataElements,jgi93qTl3qS,,,,,,,,,
Mapping,MSFOCG,OpenMRS,,MAP-AA0125,,,,,,,,,,,,,,,,,Internal,SAME-AS,,,MSFOCG,OpenMRS,AA0125,MSFOCG,DHIS2DataElements,JVrILdXrfvf,,,,,,,,,
Mapping,MSFOCG,OpenMRS,,MAP-AA0126,,,,,,,,,,,,,,,,,Internal,SAME-AS,,,MSFOCG,OpenMRS,AA0126,MSFOCG,DHIS2DataElements,XphKZBTe0oD,,,,,,,,,
Mapping,MSFOCG,OpenMRS,,MAP-AA0127,,,,,,,,,,,,,,,,,Internal,SAME-AS,,,MSFOCG,OpenMRS,AA0127,MSFOCG,DHIS2DataElements,LddiLoqqiyL,,,,,,,,,
Mapping,MSFOCG,OpenMRS,,MAP-AA0128,,,,,,,,,,,,,,,,,Internal,SAME-AS,,,MSFOCG,OpenMRS,AA0128,MSFOCG,DHIS2DataElements,SmqyCnh7S2a,,,,,,,,,
Mapping,MSFOCG,OpenMRS,,MAP-AA0129,,,,,,,,,,,,,,,,,Internal,SAME-AS,,,MSFOCG,OpenMRS,AA0129,MSFOCG,DHIS2DataElements,McXJx3cRtMl,,,,,,,,,
Mapping,MSFOCG,OpenMRS,,MAP-AA0130,,,,,,,,,,,,,,,,,Internal,SAME-AS,,,MSFOCG,OpenMRS,AA0130,MSFOCG,DHIS2DataElements,f848hgk2NxW,,,,,,,,,
Mapping,MSFOCG,OpenMRS,,MAP-AA0131,,,,,,,,,,,,,,,,,Internal,SAME-AS,,,MSFOCG,OpenMRS,AA0131,MSFOCG,DHIS2DataElements,ykkwUadzVle,,,,,,,,,
Mapping,MSFOCG,OpenMRS,,MAP-AA0132,,,,,,,,,,,,,,,,,Internal,SAME-AS,,,MSFOCG,OpenMRS,AA0132,MSFOCG,DHIS2DataElements,wqRFyvUpOVt,,,,,,,,,
Mapping,MSFOCG,OpenMRS,,MAP-AA0133,,,,,,,,,,,,,,,,,Internal,SAME-AS,,,MSFOCG,OpenMRS,AA0133,MSFOCG,DHIS2DataElements,F86u1SKyZl5,,,,,,,,,
Mapping,MSFOCG,OpenMRS,,MAP-AA0134,,,,,,,,,,,,,,,,,Internal,SAME-AS,,,MSFOCG,OpenMRS,AA0134,MSFOCG,DHIS2DataElements,Di86sszQFl2,,,,,,,,,
Mapping,MSFOCG,OpenMRS,,MAP-AA0135,,,,,,,,,,,,,,,,,Internal,SAME-AS,,,MSFOCG,OpenMRS,AA0135,MSFOCG,DHIS2DataElements,zJIXW6sm1ft,,,,,,,,,
Mapping,MSFOCG,OpenMRS,,MAP-AA0136,,,,,,,,,,,,,,,,,Internal,SAME-AS,,,MSFOCG,OpenMRS,AA0136,MSFOCG,DHIS2DataElements,qeHylex8MIO,,,,,,,,,
Mapping,MSFOCG,OpenMRS,,MAP-AA0137,,,,,,,,,,,,,,,,,Internal,SAME-AS,,,MSFOCG,OpenMRS,AA0137,MSFOCG,DHIS2DataElements,H5XDvifuFYq,,,,,,,,,
Mapping,MSFOCG,OpenMRS,,MAP-AA0138,,,,,,,,,,,,,,,,,Internal,SAME-AS,,,MSFOCG,OpenMRS,AA0138,MSFOCG,DHIS2DataElements,RoD9wAXWaax,,,,,,,,,
Mapping,MSFOCG,OpenMRS,,MAP-AA0139,,,,,,,,,,,,,,,,,Internal,SAME-AS,,,MSFOCG,OpenMRS,AA0139,MSFOCG,DHIS2DataElements,r3HuiTIMbxL,,,,,,,,,
Mapping,MSFOCG,OpenMRS,,MAP-AA0140,,,,,,,,,,,,,,,,,Internal,SAME-AS,,,MSFOCG,OpenMRS,AA0140,MSFOCG,DHIS2DataElements,SZ0luD1m4Lv,,,,,,,,,
Mapping,MSFOCG,OpenMRS,,MAP-AA0141,,,,,,,,,,,,,,,,,Internal,SAME-AS,,,MSFOCG,OpenMRS,AA0141,MSFOCG,DHIS2DataElements,DOg0g5L5bPc,,,,,,,,,
Mapping,MSFOCG,OpenMRS,,MAP-AA0142,,,,,,,,,,,,,,,,,Internal,SAME-AS,,,MSFOCG,OpenMRS,AA0142,MSFOCG,DHIS2DataElements,VXjQAvK4beo,,,,,,,,,
Mapping,MSFOCG,OpenMRS,,MAP-AA0143,,,,,,,,,,,,,,,,,Internal,SAME-AS,,,MSFOCG,OpenMRS,AA0143,MSFOCG,DHIS2DataElements,Zj7BwA7Ki7e,,,,,,,,,
Mapping,MSFOCG,OpenMRS,,MAP-AA0144,,,,,,,,,,,,,,,,,Internal,SAME-AS,,,MSFOCG,OpenMRS,AA0144,MSFOCG,DHIS2DataElements,GD3vtxVv6CH,,,,,,,,,
Mapping,MSFOCG,OpenMRS,,MAP-AA0145,,,,,,,,,,,,,,,,,Internal,SAME-AS,,,MSFOCG,OpenMRS,AA0145,MSFOCG,DHIS2DataElements,G94AO2AQI0F,,,,,,,,,
Mapping,MSFOCG,OpenMRS,,MAP-AA0146,,,,,,,,,,,,,,,,,Internal,SAME-AS,,,MSFOCG,OpenMRS,AA0146,MSFOCG,DHIS2DataElements,d5IHkES5jPI,,,,,,,,,
Mapping,MSFOCG,OpenMRS,,MAP-AA0147,,,,,,,,,,,,,,,,,Internal,SAME-AS,,,MSFOCG,OpenMRS,AA0147,MSFOCG,DHIS2DataElements,QdeGzzxcElL,,,,,,,,,
Mapping,MSFOCG,OpenMRS,,MAP-AA0148,,,,,,,,,,,,,,,,,Internal,SAME-AS,,,MSFOCG,OpenMRS,AA0148,MSFOCG,DHIS2DataElements,Khj9BhOeYEN,,,,,,,,,
Mapping,MSFOCG,OpenMRS,,MAP-AA0149,,,,,,,,,,,,,,,,,Internal,SAME-AS,,,MSFOCG,OpenMRS,AA0149,MSFOCG,DHIS2DataElements,j9P9MjHh3vM,,,,,,,,,
Mapping,MSFOCG,OpenMRS,,MAP-AA0150,,,,,,,,,,,,,,,,,Internal,SAME-AS,,,MSFOCG,OpenMRS,AA0150,MSFOCG,DHIS2DataElements,g6NO3ZT1Hby,,,,,,,,,
Mapping,MSFOCG,OpenMRS,,MAP-AA0151,,,,,,,,,,,,,,,,,Internal,SAME-AS,,,MSFOCG,OpenMRS,AA0151,MSFOCG,DHIS2DataElements,xEAOOJoxYtr,,,,,,,,,
Mapping,MSFOCG,OpenMRS,,MAP-AA0152,,,,,,,,,,,,,,,,,Internal,SAME-AS,,,MSFOCG,OpenMRS,AA0152,MSFOCG,DHIS2DataElements,BQj2DvcRc6U,,,,,,,,,
Mapping,MSFOCG,OpenMRS,,MAP-AA0153,,,,,,,,,,,,,,,,,Internal,SAME-AS,,,MSFOCG,OpenMRS,AA0153,MSFOCG,DHIS2DataElements,GhHFE33KNJr,,,,,,,,,
Mapping,MSFOCG,OpenMRS,,MAP-AA0154,,,,,,,,,,,,,,,,,Internal,SAME-AS,,,MSFOCG,OpenMRS,AA0154,MSFOCG,DHIS2DataElements,tTiU8VgqAvA,,,,,,,,,
Mapping,MSFOCG,OpenMRS,,MAP-AA0155,,,,,,,,,,,,,,,,,Internal,SAME-AS,,,MSFOCG,OpenMRS,AA0155,MSFOCG,DHIS2DataElements,IKbPi1LfsSE,,,,,,,,,
Mapping,MSFOCG,OpenMRS,,MAP-AA0156,,,,,,,,,,,,,,,,,Internal,SAME-AS,,,MSFOCG,OpenMRS,AA0156,MSFOCG,DHIS2DataElements,v8Tor2vd6rC,,,,,,,,,
Mapping,MSFOCG,OpenMRS,,MAP-AA0157,,,,,,,,,,,,,,,,,Internal,SAME-AS,,,MSFOCG,OpenMRS,AA0157,MSFOCG,DHIS2DataElements,lzv7q1aAiX8,,,,,,,,,
Mapping,MSFOCG,OpenMRS,,MAP-AA0158,,,,,,,,,,,,,,,,,Internal,SAME-AS,,,MSFOCG,OpenMRS,AA0158,MSFOCG,DHIS2DataElements,ZrLNprCyHwF,,,,,,,,,
Mapping,MSFOCG,OpenMRS,,MAP-AA0159,,,,,,,,,,,,,,,,,Internal,Q-AND-A,,,MSFOCG,OpenMRS,AA0159,MSFOCG,OpenMRS,AA0001,,,,,,,,,
Mapping,MSFOCG,OpenMRS,,MAP-AA0160,,,,,,,,,,,,,,,,,Internal,Q-AND-A,,,MSFOCG,OpenMRS,AA0159,MSFOCG,OpenMRS,AA0002,,,,,,,,,
Mapping,MSFOCG,OpenMRS,,MAP-AA0161,,,,,,,,,,,,,,,,,Internal,Q-AND-A,,,MSFOCG,OpenMRS,AA0159,MSFOCG,OpenMRS,AA0003,,,,,,,,,
Mapping,MSFOCG,OpenMRS,,MAP-AA0162,,,,,,,,,,,,,,,,,Internal,Q-AND-A,,,MSFOCG,OpenMRS,AA0159,MSFOCG,OpenMRS,AA0004,,,,,,,,,
Mapping,MSFOCG,OpenMRS,,MAP-AA0163,,,,,,,,,,,,,,,,,Internal,Q-AND-A,,,MSFOCG,OpenMRS,AA0159,MSFOCG,OpenMRS,AA0005,,,,,,,,,
Mapping,MSFOCG,OpenMRS,,MAP-AA0164,,,,,,,,,,,,,,,,,Internal,Q-AND-A,,,MSFOCG,OpenMRS,AA0159,MSFOCG,OpenMRS,AA0006,,,,,,,,,
Mapping,MSFOCG,OpenMRS,,MAP-AA0165,,,,,,,,,,,,,,,,,Internal,Q-AND-A,,,MSFOCG,OpenMRS,AA0159,MSFOCG,OpenMRS,AA0007,,,,,,,,,
Mapping,MSFOCG,OpenMRS,,MAP-AA0166,,,,,,,,,,,,,,,,,Internal,Q-AND-A,,,MSFOCG,OpenMRS,AA0159,MSFOCG,OpenMRS,AA0008,,,,,,,,,
Mapping,MSFOCG,OpenMRS,,MAP-AA0167,,,,,,,,,,,,,,,,,Internal,Q-AND-A,,,MSFOCG,OpenMRS,AA0159,MSFOCG,OpenMRS,AA0009,,,,,,,,,
Mapping,MSFOCG,OpenMRS,,MAP-AA0168,,,,,,,,,,,,,,,,,Internal,Q-AND-A,,,MSFOCG,OpenMRS,AA0159,MSFOCG,OpenMRS,AA0010,,,,,,,,,
Mapping,MSFOCG,OpenMRS,,MAP-AA0169,,,,,,,,,,,,,,,,,Internal,Q-AND-A,,,MSFOCG,OpenMRS,AA0159,MSFOCG,OpenMRS,AA0011,,,,,,,,,
Mapping,MSFOCG,OpenMRS,,MAP-AA0170,,,,,,,,,,,,,,,,,Internal,Q-AND-A,,,MSFOCG,OpenMRS,AA0159,MSFOCG,OpenMRS,AA0012,,,,,,,,,
Mapping,MSFOCG,OpenMRS,,MAP-AA0171,,,,,,,,,,,,,,,,,Internal,Q-AND-A,,,MSFOCG,OpenMRS,AA0159,MSFOCG,OpenMRS,AA0013,,,,,,,,,
Mapping,MSFOCG,OpenMRS,,MAP-AA0172,,,,,,,,,,,,,,,,,Internal,Q-AND-A,,,MSFOCG,OpenMRS,AA0159,MSFOCG,OpenMRS,AA0014,,,,,,,,,
Mapping,MSFOCG,OpenMRS,,MAP-AA0173,,,,,,,,,,,,,,,,,Internal,Q-AND-A,,,MSFOCG,OpenMRS,AA0159,MSFOCG,OpenMRS,AA0015,,,,,,,,,
Mapping,MSFOCG,OpenMRS,,MAP-AA0174,,,,,,,,,,,,,,,,,Internal,Q-AND-A,,,MSFOCG,OpenMRS,AA0159,MSFOCG,OpenMRS,AA0016,,,,,,,,,
Mapping,MSFOCG,OpenMRS,,MAP-AA0175,,,,,,,,,,,,,,,,,Internal,Q-AND-A,,,MSFOCG,OpenMRS,AA0159,MSFOCG,OpenMRS,AA0017,,,,,,,,,
Mapping,MSFOCG,OpenMRS,,MAP-AA0176,,,,,,,,,,,,,,,,,Internal,Q-AND-A,,,MSFOCG,OpenMRS,AA0159,MSFOCG,OpenMRS,AA0018,,,,,,,,,
Mapping,MSFOCG,OpenMRS,,MAP-AA0177,,,,,,,,,,,,,,,,,Internal,Q-AND-A,,,MSFOCG,OpenMRS,AA0159,MSFOCG,OpenMRS,AA0019,,,,,,,,,
Mapping,MSFOCG,OpenMRS,,MAP-AA0178,,,,,,,,,,,,,,,,,Internal,Q-AND-A,,,MSFOCG,OpenMRS,AA0159,MSFOCG,OpenMRS,AA0020,,,,,,,,,
Mapping,MSFOCG,OpenMRS,,MAP-AA0179,,,,,,,,,,,,,,,,,Internal,Q-AND-A,,,MSFOCG,OpenMRS,AA0159,MSFOCG,OpenMRS,AA0021,,,,,,,,,
Mapping,MSFOCG,OpenMRS,,MAP-AA0180,,,,,,,,,,,,,,,,,Internal,Q-AND-A,,,MSFOCG,OpenMRS,AA0159,MSFOCG,OpenMRS,AA0022,,,,,,,,,
Mapping,MSFOCG,OpenMRS,,MAP-AA0181,,,,,,,,,,,,,,,,,Internal,Q-AND-A,,,MSFOCG,OpenMRS,AA0159,MSFOCG,OpenMRS,AA0023,,,,,,,,,
Mapping,MSFOCG,OpenMRS,,MAP-AA0182,,,,,,,,,,,,,,,,,Internal,Q-AND-A,,,MSFOCG,OpenMRS,AA0159,MSFOCG,OpenMRS,AA0024,,,,,,,,,
Mapping,MSFOCG,OpenMRS,,MAP-AA0183,,,,,,,,,,,,,,,,,Internal,Q-AND-A,,,MSFOCG,OpenMRS,AA0159,MSFOCG,OpenMRS,AA0025,,,,,,,,,
Mapping,MSFOCG,OpenMRS,,MAP-AA0184,,,,,,,,,,,,,,,,,Internal,Q-AND-A,,,MSFOCG,OpenMRS,AA0159,MSFOCG,OpenMRS,AA0026,,,,,,,,,
Mapping,MSFOCG,OpenMRS,,MAP-AA0185,,,,,,,,,,,,,,,,,Internal,Q-AND-A,,,MSFOCG,OpenMRS,AA0159,MSFOCG,OpenMRS,AA0027,,,,,,,,,
Mapping,MSFOCG,OpenMRS,,MAP-AA0186,,,,,,,,,,,,,,,,,Internal,Q-AND-A,,,MSFOCG,OpenMRS,AA0159,MSFOCG,OpenMRS,AA0028,,,,,,,,,
Mapping,MSFOCG,OpenMRS,,MAP-AA0187,,,,,,,,,,,,,,,,,Internal,Q-AND-A,,,MSFOCG,OpenMRS,AA0159,MSFOCG,OpenMRS,AA0029,,,,,,,,,
Mapping,MSFOCG,OpenMRS,,MAP-AA0188,,,,,,,,,,,,,,,,,Internal,Q-AND-A,,,MSFOCG,OpenMRS,AA0159,MSFOCG,OpenMRS,AA0030,,,,,,,,,
Mapping,MSFOCG,OpenMRS,,MAP-AA0189,,,,,,,,,,,,,,,,,Internal,Q-AND-A,,,MSFOCG,OpenMRS,AA0159,MSFOCG,OpenMRS,AA0031,,,,,,,,,
Mapping,MSFOCG,OpenMRS,,MAP-AA0190,,,,,,,,,,,,,,,,,Internal,Q-AND-A,,,MSFOCG,OpenMRS,AA0159,MSFOCG,OpenMRS,AA0032,,,,,,,,,
Mapping,MSFOCG,OpenMRS,,MAP-AA0191,,,,,,,,,,,,,,,,,Internal,Q-AND-A,,,MSFOCG,OpenMRS,AA0159,MSFOCG,OpenMRS,AA0033,,,,,,,,,
Mapping,MSFOCG,OpenMRS,,MAP-AA0192,,,,,,,,,,,,,,,,,Internal,Q-AND-A,,,MSFOCG,OpenMRS,AA0159,MSFOCG,OpenMRS,AA0034,,,,,,,,,
Mapping,MSFOCG,OpenMRS,,MAP-AA0193,,,,,,,,,,,,,,,,,Internal,Q-AND-A,,,MSFOCG,OpenMRS,AA0159,MSFOCG,OpenMRS,AA0035,,,,,,,,,
Mapping,MSFOCG,OpenMRS,,MAP-AA0194,,,,,,,,,,,,,,,,,Internal,Q-AND-A,,,MSFOCG,OpenMRS,AA0159,MSFOCG,OpenMRS,AA0036,,,,,,,,,
Mapping,MSFOCG,OpenMRS,,MAP-AA0195,,,,,,,,,,,,,,,,,Internal,Q-AND-A,,,MSFOCG,OpenMRS,AA0159,MSFOCG,OpenMRS,AA0037,,,,,,,,,
Mapping,MSFOCG,OpenMRS,,MAP-AA0196,,,,,,,,,,,,,,,,,Internal,Q-AND-A,,,MSFOCG,OpenMRS,AA0159,MSFOCG,OpenMRS,AA0038,,,,,,,,,
Mapping,MSFOCG,OpenMRS,,MAP-AA0197,,,,,,,,,,,,,,,,,Internal,Q-AND-A,,,MSFOCG,OpenMRS,AA0159,MSFOCG,OpenMRS,AA0039,,,,,,,,,
Mapping,MSFOCG,OpenMRS,,MAP-AA0198,,,,,,,,,,,,,,,,,Internal,Q-AND-A,,,MSFOCG,OpenMRS,AA0159,MSFOCG,OpenMRS,AA0040,,,,,,,,,
Mapping,MSFOCG,OpenMRS,,MAP-AA0199,,,,,,,,,,,,,,,,,Internal,Q-AND-A,,,MSFOCG,OpenMRS,AA0159,MSFOCG,OpenMRS,AA0041,,,,,,,,,
Mapping,MSFOCG,OpenMRS,,MAP-AA0200,,,,,,,,,,,,,,,,,Internal,Q-AND-A,,,MSFOCG,OpenMRS,AA0159,MSFOCG,OpenMRS,AA0042,,,,,,,,,
Mapping,MSFOCG,OpenMRS,,MAP-AA0201,,,,,,,,,,,,,,,,,Internal,Q-AND-A,,,MSFOCG,OpenMRS,AA0159,MSFOCG,OpenMRS,AA0043,,,,,,,,,
Mapping,MSFOCG,OpenMRS,,MAP-AA0202,,,,,,,,,,,,,,,,,Internal,Q-AND-A,,,MSFOCG,OpenMRS,AA0159,MSFOCG,OpenMRS,AA0044,,,,,,,,,
Mapping,MSFOCG,OpenMRS,,MAP-AA0203,,,,,,,,,,,,,,,,,Internal,Q-AND-A,,,MSFOCG,OpenMRS,AA0159,MSFOCG,OpenMRS,AA0045,,,,,,,,,
Mapping,MSFOCG,OpenMRS,,MAP-AA0204,,,,,,,,,,,,,,,,,Internal,Q-AND-A,,,MSFOCG,OpenMRS,AA0159,MSFOCG,OpenMRS,AA0046,,,,,,,,,
Mapping,MSFOCG,OpenMRS,,MAP-AA0205,,,,,,,,,,,,,,,,,Internal,Q-AND-A,,,MSFOCG,OpenMRS,AA0159,MSFOCG,OpenMRS,AA0047,,,,,,,,,
Mapping,MSFOCG,OpenMRS,,MAP-AA0206,,,,,,,,,,,,,,,,,Internal,Q-AND-A,,,MSFOCG,OpenMRS,AA0159,MSFOCG,OpenMRS,AA0048,,,,,,,,,
Mapping,MSFOCG,OpenMRS,,MAP-AA0207,,,,,,,,,,,,,,,,,Internal,Q-AND-A,,,MSFOCG,OpenMRS,AA0159,MSFOCG,OpenMRS,AA0049,,,,,,,,,
Mapping,MSFOCG,OpenMRS,,MAP-AA0208,,,,,,,,,,,,,,,,,Internal,Q-AND-A,,,MSFOCG,OpenMRS,AA0159,MSFOCG,OpenMRS,AA0050,,,,,,,,,
Mapping,MSFOCG,OpenMRS,,MAP-AA0209,,,,,,,,,,,,,,,,,Internal,Q-AND-A,,,MSFOCG,OpenMRS,AA0159,MSFOCG,OpenMRS,AA0051,,,,,,,,,
Mapping,MSFOCG,OpenMRS,,MAP-AA0210,,,,,,,,,,,,,,,,,Internal,Q-AND-A,,,MSFOCG,OpenMRS,AA0159,MSFOCG,OpenMRS,AA0052,,,,,,,,,
Mapping,MSFOCG,OpenMRS,,MAP-AA0211,,,,,,,,,,,,,,,,,Internal,Q-AND-A,,,MSFOCG,OpenMRS,AA0159,MSFOCG,OpenMRS,AA0053,,,,,,,,,
Mapping,MSFOCG,OpenMRS,,MAP-AA0212,,,,,,,,,,,,,,,,,Internal,Q-AND-A,,,MSFOCG,OpenMRS,AA0159,MSFOCG,OpenMRS,AA0054,,,,,,,,,
Mapping,MSFOCG,OpenMRS,,MAP-AA0213,,,,,,,,,,,,,,,,,Internal,Q-AND-A,,,MSFOCG,OpenMRS,AA0159,MSFOCG,OpenMRS,AA0055,,,,,,,,,
Mapping,MSFOCG,OpenMRS,,MAP-AA0214,,,,,,,,,,,,,,,,,Internal,Q-AND-A,,,MSFOCG,OpenMRS,AA0159,MSFOCG,OpenMRS,AA0056,,,,,,,,,
Mapping,MSFOCG,OpenMRS,,MAP-AA0215,,,,,,,,,,,,,,,,,Internal,Q-AND-A,,,MSFOCG,OpenMRS,AA0159,MSFOCG,OpenMRS,AA0057,,,,,,,,,
Mapping,MSFOCG,OpenMRS,,MAP-AA0216,,,,,,,,,,,,,,,,,Internal,Q-AND-A,,,MSFOCG,OpenMRS,AA0159,MSFOCG,OpenMRS,AA0058,,,,,,,,,
Mapping,MSFOCG,OpenMRS,,MAP-AA0217,,,,,,,,,,,,,,,,,Internal,Q-AND-A,,,MSFOCG,OpenMRS,AA0159,MSFOCG,OpenMRS,AA0059,,,,,,,,,
Mapping,MSFOCG,OpenMRS,,MAP-AA0218,,,,,,,,,,,,,,,,,Internal,Q-AND-A,,,MSFOCG,OpenMRS,AA0159,MSFOCG,OpenMRS,AA0060,,,,,,,,,
Mapping,MSFOCG,OpenMRS,,MAP-AA0219,,,,,,,,,,,,,,,,,Internal,Q-AND-A,,,MSFOCG,OpenMRS,AA0159,MSFOCG,OpenMRS,AA0061,,,,,,,,,
Mapping,MSFOCG,OpenMRS,,MAP-AA0220,,,,,,,,,,,,,,,,,Internal,Q-AND-A,,,MSFOCG,OpenMRS,AA0159,MSFOCG,OpenMRS,AA0062,,,,,,,,,
Mapping,MSFOCG,OpenMRS,,MAP-AA0221,,,,,,,,,,,,,,,,,Internal,Q-AND-A,,,MSFOCG,OpenMRS,AA0159,MSFOCG,OpenMRS,AA0063,,,,,,,,,
Mapping,MSFOCG,OpenMRS,,MAP-AA0222,,,,,,,,,,,,,,,,,Internal,Q-AND-A,,,MSFOCG,OpenMRS,AA0159,MSFOCG,OpenMRS,AA0064,,,,,,,,,
Mapping,MSFOCG,OpenMRS,,MAP-AA0223,,,,,,,,,,,,,,,,,Internal,Q-AND-A,,,MSFOCG,OpenMRS,AA0159,MSFOCG,OpenMRS,AA0065,,,,,,,,,
Mapping,MSFOCG,OpenMRS,,MAP-AA0224,,,,,,,,,,,,,,,,,Internal,Q-AND-A,,,MSFOCG,OpenMRS,AA0159,MSFOCG,OpenMRS,AA0066,,,,,,,,,
Mapping,MSFOCG,OpenMRS,,MAP-AA0225,,,,,,,,,,,,,,,,,Internal,Q-AND-A,,,MSFOCG,OpenMRS,AA0159,MSFOCG,OpenMRS,AA0067,,,,,,,,,
Mapping,MSFOCG,OpenMRS,,MAP-AA0226,,,,,,,,,,,,,,,,,Internal,Q-AND-A,,,MSFOCG,OpenMRS,AA0159,MSFOCG,OpenMRS,AA0068,,,,,,,,,
Mapping,MSFOCG,OpenMRS,,MAP-AA0227,,,,,,,,,,,,,,,,,Internal,Q-AND-A,,,MSFOCG,OpenMRS,AA0159,MSFOCG,OpenMRS,AA0069,,,,,,,,,
Mapping,MSFOCG,OpenMRS,,MAP-AA0228,,,,,,,,,,,,,,,,,Internal,Q-AND-A,,,MSFOCG,OpenMRS,AA0159,MSFOCG,OpenMRS,AA0070,,,,,,,,,
Mapping,MSFOCG,OpenMRS,,MAP-AA0229,,,,,,,,,,,,,,,,,Internal,Q-AND-A,,,MSFOCG,OpenMRS,AA0159,MSFOCG,OpenMRS,AA0071,,,,,,,,,
Mapping,MSFOCG,OpenMRS,,MAP-AA0230,,,,,,,,,,,,,,,,,Internal,Q-AND-A,,,MSFOCG,OpenMRS,AA0159,MSFOCG,OpenMRS,AA0072,,,,,,,,,
Mapping,MSFOCG,OpenMRS,,MAP-AA0231,,,,,,,,,,,,,,,,,Internal,Q-AND-A,,,MSFOCG,OpenMRS,AA0159,MSFOCG,OpenMRS,AA0073,,,,,,,,,
Mapping,MSFOCG,OpenMRS,,MAP-AA0232,,,,,,,,,,,,,,,,,Internal,Q-AND-A,,,MSFOCG,OpenMRS,AA0159,MSFOCG,OpenMRS,AA0074,,,,,,,,,
Mapping,MSFOCG,OpenMRS,,MAP-AA0233,,,,,,,,,,,,,,,,,Internal,Q-AND-A,,,MSFOCG,OpenMRS,AA0159,MSFOCG,OpenMRS,AA0075,,,,,,,,,
Mapping,MSFOCG,OpenMRS,,MAP-AA0234,,,,,,,,,,,,,,,,,Internal,Q-AND-A,,,MSFOCG,OpenMRS,AA0159,MSFOCG,OpenMRS,AA0076,,,,,,,,,
Mapping,MSFOCG,OpenMRS,,MAP-AA0235,,,,,,,,,,,,,,,,,Internal,Q-AND-A,,,MSFOCG,OpenMRS,AA0159,MSFOCG,OpenMRS,AA0077,,,,,,,,,
Mapping,MSFOCG,OpenMRS,,MAP-AA0236,,,,,,,,,,,,,,,,,Internal,Q-AND-A,,,MSFOCG,OpenMRS,AA0159,MSFOCG,OpenMRS,AA0078,,,,,,,,,
Mapping,MSFOCG,OpenMRS,,MAP-AA0237,,,,,,,,,,,,,,,,,Internal,Q-AND-A,,,MSFOCG,OpenMRS,AA0159,MSFOCG,OpenMRS,AA0079,,,,,,,,,
Mapping,MSFOCG,OpenMRS,,MAP-AA0238,,,,,,,,,,,,,,,,,Internal,Q-AND-A,,,MSFOCG,OpenMRS,AA0159,MSFOCG,OpenMRS,AA0080,,,,,,,,,
Mapping,MSFOCG,OpenMRS,,MAP-AA0239,,,,,,,,,,,,,,,,,Internal,Q-AND-A,,,MSFOCG,OpenMRS,AA0159,MSFOCG,OpenMRS,AA0081,,,,,,,,,
Mapping,MSFOCG,OpenMRS,,MAP-AA0240,,,,,,,,,,,,,,,,,Internal,Q-AND-A,,,MSFOCG,OpenMRS,AA0159,MSFOCG,OpenMRS,AA0082,,,,,,,,,
Mapping,MSFOCG,OpenMRS,,MAP-AA0241,,,,,,,,,,,,,,,,,Internal,Q-AND-A,,,MSFOCG,OpenMRS,AA0159,MSFOCG,OpenMRS,AA0083,,,,,,,,,
Mapping,MSFOCG,OpenMRS,,MAP-AA0242,,,,,,,,,,,,,,,,,Internal,Q-AND-A,,,MSFOCG,OpenMRS,AA0159,MSFOCG,OpenMRS,AA0084,,,,,,,,,
Mapping,MSFOCG,OpenMRS,,MAP-AA0243,,,,,,,,,,,,,,,,,Internal,Q-AND-A,,,MSFOCG,OpenMRS,AA0159,MSFOCG,OpenMRS,AA0085,,,,,,,,,
Mapping,MSFOCG,OpenMRS,,MAP-AA0244,,,,,,,,,,,,,,,,,Internal,Q-AND-A,,,MSFOCG,OpenMRS,AA0159,MSFOCG,OpenMRS,AA0086,,,,,,,,,
Mapping,MSFOCG,OpenMRS,,MAP-AA0245,,,,,,,,,,,,,,,,,Internal,Q-AND-A,,,MSFOCG,OpenMRS,AA0159,MSFOCG,OpenMRS,AA0087,,,,,,,,,
Mapping,MSFOCG,OpenMRS,,MAP-AA0246,,,,,,,,,,,,,,,,,Internal,Q-AND-A,,,MSFOCG,OpenMRS,AA0159,MSFOCG,OpenMRS,AA0088,,,,,,,,,
Mapping,MSFOCG,OpenMRS,,MAP-AA0247,,,,,,,,,,,,,,,,,Internal,Q-AND-A,,,MSFOCG,OpenMRS,AA0159,MSFOCG,OpenMRS,AA0089,,,,,,,,,
Mapping,MSFOCG,OpenMRS,,MAP-AA0248,,,,,,,,,,,,,,,,,Internal,Q-AND-A,,,MSFOCG,OpenMRS,AA0159,MSFOCG,OpenMRS,AA0090,,,,,,,,,
Mapping,MSFOCG,OpenMRS,,MAP-AA0249,,,,,,,,,,,,,,,,,Internal,Q-AND-A,,,MSFOCG,OpenMRS,AA0159,MSFOCG,OpenMRS,AA0091,,,,,,,,,
Mapping,MSFOCG,OpenMRS,,MAP-AA0250,,,,,,,,,,,,,,,,,Internal,Q-AND-A,,,MSFOCG,OpenMRS,AA0159,MSFOCG,OpenMRS,AA0092,,,,,,,,,
Mapping,MSFOCG,OpenMRS,,MAP-AA0251,,,,,,,,,,,,,,,,,Internal,Q-AND-A,,,MSFOCG,OpenMRS,AA0159,MSFOCG,OpenMRS,AA0093,,,,,,,,,
Mapping,MSFOCG,OpenMRS,,MAP-AA0252,,,,,,,,,,,,,,,,,Internal,Q-AND-A,,,MSFOCG,OpenMRS,AA0159,MSFOCG,OpenMRS,AA0094,,,,,,,,,
Mapping,MSFOCG,OpenMRS,,MAP-AA0253,,,,,,,,,,,,,,,,,Internal,Q-AND-A,,,MSFOCG,OpenMRS,AA0159,MSFOCG,OpenMRS,AA0095,,,,,,,,,
Mapping,MSFOCG,OpenMRS,,MAP-AA0254,,,,,,,,,,,,,,,,,Internal,Q-AND-A,,,MSFOCG,OpenMRS,AA0159,MSFOCG,OpenMRS,AA0096,,,,,,,,,
Mapping,MSFOCG,OpenMRS,,MAP-AA0255,,,,,,,,,,,,,,,,,Internal,Q-AND-A,,,MSFOCG,OpenMRS,AA0159,MSFOCG,OpenMRS,AA0097,,,,,,,,,
Mapping,MSFOCG,OpenMRS,,MAP-AA0256,,,,,,,,,,,,,,,,,Internal,Q-AND-A,,,MSFOCG,OpenMRS,AA0159,MSFOCG,OpenMRS,AA0098,,,,,,,,,
Mapping,MSFOCG,OpenMRS,,MAP-AA0257,,,,,,,,,,,,,,,,,Internal,Q-AND-A,,,MSFOCG,OpenMRS,AA0159,MSFOCG,OpenMRS,AA0099,,,,,,,,,
Mapping,MSFOCG,OpenMRS,,MAP-AA0258,,,,,,,,,,,,,,,,,Internal,Q-AND-A,,,MSFOCG,OpenMRS,AA0159,MSFOCG,OpenMRS,AA0100,,,,,,,,,
Mapping,MSFOCG,OpenMRS,,MAP-AA0259,,,,,,,,,,,,,,,,,Internal,Q-AND-A,,,MSFOCG,OpenMRS,AA0159,MSFOCG,OpenMRS,AA0101,,,,,,,,,
Mapping,MSFOCG,OpenMRS,,MAP-AA0260,,,,,,,,,,,,,,,,,Internal,Q-AND-A,,,MSFOCG,OpenMRS,AA0159,MSFOCG,OpenMRS,AA0102,,,,,,,,,
Mapping,MSFOCG,OpenMRS,,MAP-AA0261,,,,,,,,,,,,,,,,,Internal,Q-AND-A,,,MSFOCG,OpenMRS,AA0159,MSFOCG,OpenMRS,AA0103,,,,,,,,,
Mapping,MSFOCG,OpenMRS,,MAP-AA0262,,,,,,,,,,,,,,,,,Internal,Q-AND-A,,,MSFOCG,OpenMRS,AA0159,MSFOCG,OpenMRS,AA0104,,,,,,,,,
Mapping,MSFOCG,OpenMRS,,MAP-AA0263,,,,,,,,,,,,,,,,,Internal,Q-AND-A,,,MSFOCG,OpenMRS,AA0159,MSFOCG,OpenMRS,AA0105,,,,,,,,,
Mapping,MSFOCG,OpenMRS,,MAP-AA0264,,,,,,,,,,,,,,,,,Internal,Q-AND-A,,,MSFOCG,OpenMRS,AA0159,MSFOCG,OpenMRS,AA0106,,,,,,,,,
Mapping,MSFOCG,OpenMRS,,MAP-AA0265,,,,,,,,,,,,,,,,,Internal,Q-AND-A,,,MSFOCG,OpenMRS,AA0159,MSFOCG,OpenMRS,AA0107,,,,,,,,,
Mapping,MSFOCG,OpenMRS,,MAP-AA0266,,,,,,,,,,,,,,,,,Internal,Q-AND-A,,,MSFOCG,OpenMRS,AA0159,MSFOCG,OpenMRS,AA0108,,,,,,,,,
Mapping,MSFOCG,OpenMRS,,MAP-AA0267,,,,,,,,,,,,,,,,,Internal,Q-AND-A,,,MSFOCG,OpenMRS,AA0159,MSFOCG,OpenMRS,AA0109,,,,,,,,,
Mapping,MSFOCG,OpenMRS,,MAP-AA0268,,,,,,,,,,,,,,,,,Internal,Q-AND-A,,,MSFOCG,OpenMRS,AA0159,MSFOCG,OpenMRS,AA0110,,,,,,,,,
Mapping,MSFOCG,OpenMRS,,MAP-AA0269,,,,,,,,,,,,,,,,,Internal,Q-AND-A,,,MSFOCG,OpenMRS,AA0159,MSFOCG,OpenMRS,AA0111,,,,,,,,,
Mapping,MSFOCG,OpenMRS,,MAP-AA0270,,,,,,,,,,,,,,,,,Internal,Q-AND-A,,,MSFOCG,OpenMRS,AA0159,MSFOCG,OpenMRS,AA0112,,,,,,,,,
Mapping,MSFOCG,OpenMRS,,MAP-AA0271,,,,,,,,,,,,,,,,,Internal,Q-AND-A,,,MSFOCG,OpenMRS,AA0159,MSFOCG,OpenMRS,AA0113,,,,,,,,,
Mapping,MSFOCG,OpenMRS,,MAP-AA0272,,,,,,,,,,,,,,,,,Internal,Q-AND-A,,,MSFOCG,OpenMRS,AA0159,MSFOCG,OpenMRS,AA0114,,,,,,,,,
Mapping,MSFOCG,OpenMRS,,MAP-AA0273,,,,,,,,,,,,,,,,,Internal,Q-AND-A,,,MSFOCG,OpenMRS,AA0159,MSFOCG,OpenMRS,AA0115,,,,,,,,,
Mapping,MSFOCG,OpenMRS,,MAP-AA0274,,,,,,,,,,,,,,,,,Internal,Q-AND-A,,,MSFOCG,OpenMRS,AA0159,MSFOCG,OpenMRS,AA0116,,,,,,,,,
Mapping,MSFOCG,OpenMRS,,MAP-AA0275,,,,,,,,,,,,,,,,,Internal,Q-AND-A,,,MSFOCG,OpenMRS,AA0159,MSFOCG,OpenMRS,AA0117,,,,,,,,,
Mapping,MSFOCG,OpenMRS,,MAP-AA0276,,,,,,,,,,,,,,,,,Internal,Q-AND-A,,,MSFOCG,OpenMRS,AA0159,MSFOCG,OpenMRS,AA0118,,,,,,,,,
Mapping,MSFOCG,OpenMRS,,MAP-AA0277,,,,,,,,,,,,,,,,,Internal,Q-AND-A,,,MSFOCG,OpenMRS,AA0159,MSFOCG,OpenMRS,AA0119,,,,,,,,,
Mapping,MSFOCG,OpenMRS,,MAP-AA0278,,,,,,,,,,,,,,,,,Internal,Q-AND-A,,,MSFOCG,OpenMRS,AA0159,MSFOCG,OpenMRS,AA0120,,,,,,,,,
Mapping,MSFOCG,OpenMRS,,MAP-AA0279,,,,,,,,,,,,,,,,,Internal,Q-AND-A,,,MSFOCG,OpenMRS,AA0159,MSFOCG,OpenMRS,AA0121,,,,,,,,,
Mapping,MSFOCG,OpenMRS,,MAP-AA0280,,,,,,,,,,,,,,,,,Internal,Q-AND-A,,,MSFOCG,OpenMRS,AA0159,MSFOCG,OpenMRS,AA0122,,,,,,,,,
Mapping,MSFOCG,OpenMRS,,MAP-AA0281,,,,,,,,,,,,,,,,,Internal,Q-AND-A,,,MSFOCG,OpenMRS,AA0159,MSFOCG,OpenMRS,AA0123,,,,,,,,,
Mapping,MSFOCG,OpenMRS,,MAP-AA0282,,,,,,,,,,,,,,,,,Internal,Q-AND-A,,,MSFOCG,OpenMRS,AA0159,MSFOCG,OpenMRS,AA0124,,,,,,,,,
Mapping,MSFOCG,OpenMRS,,MAP-AA0283,,,,,,,,,,,,,,,,,Internal,Q-AND-A,,,MSFOCG,OpenMRS,AA0159,MSFOCG,OpenMRS,AA0125,,,,,,,,,
Mapping,MSFOCG,OpenMRS,,MAP-AA0284,,,,,,,,,,,,,,,,,Internal,Q-AND-A,,,MSFOCG,OpenMRS,AA0159,MSFOCG,OpenMRS,AA0126,,,,,,,,,
Mapping,MSFOCG,OpenMRS,,MAP-AA0285,,,,,,,,,,,,,,,,,Internal,Q-AND-A,,,MSFOCG,OpenMRS,AA0159,MSFOCG,OpenMRS,AA0127,,,,,,,,,
Mapping,MSFOCG,OpenMRS,,MAP-AA0286,,,,,,,,,,,,,,,,,Internal,Q-AND-A,,,MSFOCG,OpenMRS,AA0159,MSFOCG,OpenMRS,AA0128,,,,,,,,,
Mapping,MSFOCG,OpenMRS,,MAP-AA0287,,,,,,,,,,,,,,,,,Internal,Q-AND-A,,,MSFOCG,OpenMRS,AA0159,MSFOCG,OpenMRS,AA0129,,,,,,,,,
Mapping,MSFOCG,OpenMRS,,MAP-AA0288,,,,,,,,,,,,,,,,,Internal,Q-AND-A,,,MSFOCG,OpenMRS,AA0159,MSFOCG,OpenMRS,AA0130,,,,,,,,,
Mapping,MSFOCG,OpenMRS,,MAP-AA0289,,,,,,,,,,,,,,,,,Internal,Q-AND-A,,,MSFOCG,OpenMRS,AA0159,MSFOCG,OpenMRS,AA0131,,,,,,,,,
Mapping,MSFOCG,OpenMRS,,MAP-AA0290,,,,,,,,,,,,,,,,,Internal,Q-AND-A,,,MSFOCG,OpenMRS,AA0159,MSFOCG,OpenMRS,AA0132,,,,,,,,,
Mapping,MSFOCG,OpenMRS,,MAP-AA0291,,,,,,,,,,,,,,,,,Internal,Q-AND-A,,,MSFOCG,OpenMRS,AA0159,MSFOCG,OpenMRS,AA0133,,,,,,,,,
Mapping,MSFOCG,OpenMRS,,MAP-AA0292,,,,,,,,,,,,,,,,,Internal,Q-AND-A,,,MSFOCG,OpenMRS,AA0159,MSFOCG,OpenMRS,AA0134,,,,,,,,,
Mapping,MSFOCG,OpenMRS,,MAP-AA0293,,,,,,,,,,,,,,,,,Internal,Q-AND-A,,,MSFOCG,OpenMRS,AA0159,MSFOCG,OpenMRS,AA0135,,,,,,,,,
Mapping,MSFOCG,OpenMRS,,MAP-AA0294,,,,,,,,,,,,,,,,,Internal,Q-AND-A,,,MSFOCG,OpenMRS,AA0159,MSFOCG,OpenMRS,AA0136,,,,,,,,,
Mapping,MSFOCG,OpenMRS,,MAP-AA0295,,,,,,,,,,,,,,,,,Internal,Q-AND-A,,,MSFOCG,OpenMRS,AA0159,MSFOCG,OpenMRS,AA0137,,,,,,,,,
Mapping,MSFOCG,OpenMRS,,MAP-AA0296,,,,,,,,,,,,,,,,,Internal,Q-AND-A,,,MSFOCG,OpenMRS,AA0159,MSFOCG,OpenMRS,AA0138,,,,,,,,,
Mapping,MSFOCG,OpenMRS,,MAP-AA0297,,,,,,,,,,,,,,,,,Internal,Q-AND-A,,,MSFOCG,OpenMRS,AA0159,MSFOCG,OpenMRS,AA0139,,,,,,,,,
Mapping,MSFOCG,OpenMRS,,MAP-AA0298,,,,,,,,,,,,,,,,,Internal,Q-AND-A,,,MSFOCG,OpenMRS,AA0159,MSFOCG,OpenMRS,AA0140,,,,,,,,,
Mapping,MSFOCG,OpenMRS,,MAP-AA0299,,,,,,,,,,,,,,,,,Internal,Q-AND-A,,,MSFOCG,OpenMRS,AA0159,MSFOCG,OpenMRS,AA0141,,,,,,,,,
Mapping,MSFOCG,OpenMRS,,MAP-AA0300,,,,,,,,,,,,,,,,,Internal,Q-AND-A,,,MSFOCG,OpenMRS,AA0159,MSFOCG,OpenMRS,AA0142,,,,,,,,,
Mapping,MSFOCG,OpenMRS,,MAP-AA0301,,,,,,,,,,,,,,,,,Internal,Q-AND-A,,,MSFOCG,OpenMRS,AA0159,MSFOCG,OpenMRS,AA0143,,,,,,,,,
Mapping,MSFOCG,OpenMRS,,MAP-AA0302,,,,,,,,,,,,,,,,,Internal,Q-AND-A,,,MSFOCG,OpenMRS,AA0159,MSFOCG,OpenMRS,AA0144,,,,,,,,,
Mapping,MSFOCG,OpenMRS,,MAP-AA0303,,,,,,,,,,,,,,,,,Internal,Q-AND-A,,,MSFOCG,OpenMRS,AA0159,MSFOCG,OpenMRS,AA0145,,,,,,,,,
Mapping,MSFOCG,OpenMRS,,MAP-AA0304,,,,,,,,,,,,,,,,,Internal,Q-AND-A,,,MSFOCG,OpenMRS,AA0159,MSFOCG,OpenMRS,AA0146,,,,,,,,,
Mapping,MSFOCG,OpenMRS,,MAP-AA0305,,,,,,,,,,,,,,,,,Internal,Q-AND-A,,,MSFOCG,OpenMRS,AA0159,MSFOCG,OpenMRS,AA0147,,,,,,,,,
Mapping,MSFOCG,OpenMRS,,MAP-AA0306,,,,,,,,,,,,,,,,,Internal,Q-AND-A,,,MSFOCG,OpenMRS,AA0159,MSFOCG,OpenMRS,AA0148,,,,,,,,,
Mapping,MSFOCG,OpenMRS,,MAP-AA0307,,,,,,,,,,,,,,,,,Internal,Q-AND-A,,,MSFOCG,OpenMRS,AA0159,MSFOCG,OpenMRS,AA0149,,,,,,,,,
Mapping,MSFOCG,OpenMRS,,MAP-AA0308,,,,,,,,,,,,,,,,,Internal,Q-AND-A,,,MSFOCG,OpenMRS,AA0159,MSFOCG,OpenMRS,AA0150,,,,,,,,,
Mapping,MSFOCG,OpenMRS,,MAP-AA0309,,,,,,,,,,,,,,,,,Internal,Q-AND-A,,,MSFOCG,OpenMRS,AA0159,MSFOCG,OpenMRS,AA0151,,,,,,,,,
Mapping,MSFOCG,OpenMRS,,MAP-AA0310,,,,,,,,,,,,,,,,,Internal,Q-AND-A,,,MSFOCG,OpenMRS,AA0159,MSFOCG,OpenMRS,AA0152,,,,,,,,,
Mapping,MSFOCG,OpenMRS,,MAP-AA0311,,,,,,,,,,,,,,,,,Internal,Q-AND-A,,,MSFOCG,OpenMRS,AA0159,MSFOCG,OpenMRS,AA0153,,,,,,,,,
Mapping,MSFOCG,OpenMRS,,MAP-AA0312,,,,,,,,,,,,,,,,,Internal,Q-AND-A,,,MSFOCG,OpenMRS,AA0159,MSFOCG,OpenMRS,AA0154,,,,,,,,,
Mapping,MSFOCG,OpenMRS,,MAP-AA0313,,,,,,,,,,,,,,,,,Internal,Q-AND-A,,,MSFOCG,OpenMRS,AA0159,MSFOCG,OpenMRS,AA0155,,,,,,,,,
Mapping,MSFOCG,OpenMRS,,MAP-AA0314,,,,,,,,,,,,,,,,,Internal,Q-AND-A,,,MSFOCG,OpenMRS,AA0159,MSFOCG,OpenMRS,AA0156,,,,,,,,,
Mapping,MSFOCG,OpenMRS,,MAP-AA0315,,,,,,,,,,,,,,,,,Internal,Q-AND-A,,,MSFOCG,OpenMRS,AA0159,MSFOCG,OpenMRS,AA0157,,,,,,,,,
Mapping,MSFOCG,OpenMRS,,MAP-AA0316,,,,,,,,,,,,,,,,,Internal,Q-AND-A,,,MSFOCG,OpenMRS,AA0159,MSFOCG,OpenMRS,AA0158,,,,,,,,,
Mapping,MSFOCG,OpenMRS,,MAP-AA0317,,,,,,,,,,,,,,,,,Internal,SAME-AS,,,MSFOCG,OpenMRS,AA0161,CIEL,CIEL,1633,,,,,,,,,
Mapping,MSFOCG,OpenMRS,,MAP-AA0318,,,,,,,,,,,,,,,,,Internal,Q-AND-A,,,MSFOCG,OpenMRS,AA0161,CIEL,CIEL,117399,,,,,,,,,
Mapping,MSFOCG,OpenMRS,,MAP-AA0319,,,,,,,,,,,,,,,,,Internal,Q-AND-A,,,MSFOCG,OpenMRS,AA0160,MSFOCG,OpenMRS,AA0001,,,,,,,,,
Mapping,MSFOCG,OpenMRS,,MAP-AA0320,,,,,,,,,,,,,,,,,Internal,Q-AND-A,,,MSFOCG,OpenMRS,AA0160,MSFOCG,OpenMRS,AA0002,,,,,,,,,
Mapping,MSFOCG,OpenMRS,,MAP-AA0321,,,,,,,,,,,,,,,,,Internal,Q-AND-A,,,MSFOCG,OpenMRS,AA0160,MSFOCG,OpenMRS,AA0003,,,,,,,,,
Mapping,MSFOCG,OpenMRS,,MAP-AA0322,,,,,,,,,,,,,,,,,Internal,Q-AND-A,,,MSFOCG,OpenMRS,AA0160,MSFOCG,OpenMRS,AA0004,,,,,,,,,
Mapping,MSFOCG,OpenMRS,,MAP-AA0323,,,,,,,,,,,,,,,,,Internal,Q-AND-A,,,MSFOCG,OpenMRS,AA0160,MSFOCG,OpenMRS,AA0005,,,,,,,,,
Mapping,MSFOCG,OpenMRS,,MAP-AA0324,,,,,,,,,,,,,,,,,Internal,Q-AND-A,,,MSFOCG,OpenMRS,AA0160,MSFOCG,OpenMRS,AA0006,,,,,,,,,
Mapping,MSFOCG,OpenMRS,,MAP-AA0325,,,,,,,,,,,,,,,,,Internal,Q-AND-A,,,MSFOCG,OpenMRS,AA0160,MSFOCG,OpenMRS,AA0007,,,,,,,,,
Mapping,MSFOCG,OpenMRS,,MAP-AA0326,,,,,,,,,,,,,,,,,Internal,Q-AND-A,,,MSFOCG,OpenMRS,AA0160,MSFOCG,OpenMRS,AA0008,,,,,,,,,
Mapping,MSFOCG,OpenMRS,,MAP-AA0327,,,,,,,,,,,,,,,,,Internal,Q-AND-A,,,MSFOCG,OpenMRS,AA0160,MSFOCG,OpenMRS,AA0009,,,,,,,,,
Mapping,MSFOCG,OpenMRS,,MAP-AA0328,,,,,,,,,,,,,,,,,Internal,Q-AND-A,,,MSFOCG,OpenMRS,AA0160,MSFOCG,OpenMRS,AA0010,,,,,,,,,
Mapping,MSFOCG,OpenMRS,,MAP-AA0329,,,,,,,,,,,,,,,,,Internal,Q-AND-A,,,MSFOCG,OpenMRS,AA0160,MSFOCG,OpenMRS,AA0011,,,,,,,,,
Mapping,MSFOCG,OpenMRS,,MAP-AA0330,,,,,,,,,,,,,,,,,Internal,Q-AND-A,,,MSFOCG,OpenMRS,AA0160,MSFOCG,OpenMRS,AA0012,,,,,,,,,
Mapping,MSFOCG,OpenMRS,,MAP-AA0331,,,,,,,,,,,,,,,,,Internal,Q-AND-A,,,MSFOCG,OpenMRS,AA0160,MSFOCG,OpenMRS,AA0013,,,,,,,,,
Mapping,MSFOCG,OpenMRS,,MAP-AA0332,,,,,,,,,,,,,,,,,Internal,Q-AND-A,,,MSFOCG,OpenMRS,AA0160,MSFOCG,OpenMRS,AA0014,,,,,,,,,
Mapping,MSFOCG,OpenMRS,,MAP-AA0333,,,,,,,,,,,,,,,,,Internal,Q-AND-A,,,MSFOCG,OpenMRS,AA0160,MSFOCG,OpenMRS,AA0015,,,,,,,,,
Mapping,MSFOCG,OpenMRS,,MAP-AA0334,,,,,,,,,,,,,,,,,Internal,Q-AND-A,,,MSFOCG,OpenMRS,AA0160,MSFOCG,OpenMRS,AA0016,,,,,,,,,
Mapping,MSFOCG,OpenMRS,,MAP-AA0335,,,,,,,,,,,,,,,,,Internal,Q-AND-A,,,MSFOCG,OpenMRS,AA0160,MSFOCG,OpenMRS,AA0017,,,,,,,,,
Mapping,MSFOCG,OpenMRS,,MAP-AA0336,,,,,,,,,,,,,,,,,Internal,Q-AND-A,,,MSFOCG,OpenMRS,AA0160,MSFOCG,OpenMRS,AA0018,,,,,,,,,
Mapping,MSFOCG,OpenMRS,,MAP-AA0337,,,,,,,,,,,,,,,,,Internal,Q-AND-A,,,MSFOCG,OpenMRS,AA0160,MSFOCG,OpenMRS,AA0019,,,,,,,,,
Mapping,MSFOCG,OpenMRS,,MAP-AA0338,,,,,,,,,,,,,,,,,Internal,Q-AND-A,,,MSFOCG,OpenMRS,AA0160,MSFOCG,OpenMRS,AA0020,,,,,,,,,
Mapping,MSFOCG,OpenMRS,,MAP-AA0339,,,,,,,,,,,,,,,,,Internal,Q-AND-A,,,MSFOCG,OpenMRS,AA0160,MSFOCG,OpenMRS,AA0021,,,,,,,,,
Mapping,MSFOCG,OpenMRS,,MAP-AA0340,,,,,,,,,,,,,,,,,Internal,Q-AND-A,,,MSFOCG,OpenMRS,AA0160,MSFOCG,OpenMRS,AA0022,,,,,,,,,
Mapping,MSFOCG,OpenMRS,,MAP-AA0341,,,,,,,,,,,,,,,,,Internal,Q-AND-A,,,MSFOCG,OpenMRS,AA0160,MSFOCG,OpenMRS,AA0023,,,,,,,,,
Mapping,MSFOCG,OpenMRS,,MAP-AA0342,,,,,,,,,,,,,,,,,Internal,Q-AND-A,,,MSFOCG,OpenMRS,AA0160,MSFOCG,OpenMRS,AA0024,,,,,,,,,
Mapping,MSFOCG,OpenMRS,,MAP-AA0343,,,,,,,,,,,,,,,,,Internal,Q-AND-A,,,MSFOCG,OpenMRS,AA0160,MSFOCG,OpenMRS,AA0025,,,,,,,,,
Mapping,MSFOCG,OpenMRS,,MAP-AA0344,,,,,,,,,,,,,,,,,Internal,Q-AND-A,,,MSFOCG,OpenMRS,AA0160,MSFOCG,OpenMRS,AA0026,,,,,,,,,
Mapping,MSFOCG,OpenMRS,,MAP-AA0345,,,,,,,,,,,,,,,,,Internal,Q-AND-A,,,MSFOCG,OpenMRS,AA0160,MSFOCG,OpenMRS,AA0027,,,,,,,,,
Mapping,MSFOCG,OpenMRS,,MAP-AA0346,,,,,,,,,,,,,,,,,Internal,Q-AND-A,,,MSFOCG,OpenMRS,AA0160,MSFOCG,OpenMRS,AA0028,,,,,,,,,
Mapping,MSFOCG,OpenMRS,,MAP-AA0347,,,,,,,,,,,,,,,,,Internal,Q-AND-A,,,MSFOCG,OpenMRS,AA0160,MSFOCG,OpenMRS,AA0029,,,,,,,,,
Mapping,MSFOCG,OpenMRS,,MAP-AA0348,,,,,,,,,,,,,,,,,Internal,Q-AND-A,,,MSFOCG,OpenMRS,AA0160,MSFOCG,OpenMRS,AA0030,,,,,,,,,
Mapping,MSFOCG,OpenMRS,,MAP-AA0349,,,,,,,,,,,,,,,,,Internal,Q-AND-A,,,MSFOCG,OpenMRS,AA0160,MSFOCG,OpenMRS,AA0031,,,,,,,,,
Mapping,MSFOCG,OpenMRS,,MAP-AA0350,,,,,,,,,,,,,,,,,Internal,Q-AND-A,,,MSFOCG,OpenMRS,AA0160,MSFOCG,OpenMRS,AA0032,,,,,,,,,
Mapping,MSFOCG,OpenMRS,,MAP-AA0351,,,,,,,,,,,,,,,,,Internal,Q-AND-A,,,MSFOCG,OpenMRS,AA0160,MSFOCG,OpenMRS,AA0033,,,,,,,,,
Mapping,MSFOCG,OpenMRS,,MAP-AA0352,,,,,,,,,,,,,,,,,Internal,Q-AND-A,,,MSFOCG,OpenMRS,AA0160,MSFOCG,OpenMRS,AA0034,,,,,,,,,
Mapping,MSFOCG,OpenMRS,,MAP-AA0353,,,,,,,,,,,,,,,,,Internal,Q-AND-A,,,MSFOCG,OpenMRS,AA0160,MSFOCG,OpenMRS,AA0035,,,,,,,,,
Mapping,MSFOCG,OpenMRS,,MAP-AA0354,,,,,,,,,,,,,,,,,Internal,Q-AND-A,,,MSFOCG,OpenMRS,AA0160,MSFOCG,OpenMRS,AA0036,,,,,,,,,
Mapping,MSFOCG,OpenMRS,,MAP-AA0355,,,,,,,,,,,,,,,,,Internal,Q-AND-A,,,MSFOCG,OpenMRS,AA0160,MSFOCG,OpenMRS,AA0037,,,,,,,,,
Mapping,MSFOCG,OpenMRS,,MAP-AA0356,,,,,,,,,,,,,,,,,Internal,Q-AND-A,,,MSFOCG,OpenMRS,AA0160,MSFOCG,OpenMRS,AA0038,,,,,,,,,
Mapping,MSFOCG,OpenMRS,,MAP-AA0357,,,,,,,,,,,,,,,,,Internal,Q-AND-A,,,MSFOCG,OpenMRS,AA0160,MSFOCG,OpenMRS,AA0039,,,,,,,,,
Mapping,MSFOCG,OpenMRS,,MAP-AA0358,,,,,,,,,,,,,,,,,Internal,Q-AND-A,,,MSFOCG,OpenMRS,AA0160,MSFOCG,OpenMRS,AA0040,,,,,,,,,
Mapping,MSFOCG,OpenMRS,,MAP-AA0359,,,,,,,,,,,,,,,,,Internal,Q-AND-A,,,MSFOCG,OpenMRS,AA0160,MSFOCG,OpenMRS,AA0041,,,,,,,,,
Mapping,MSFOCG,OpenMRS,,MAP-AA0360,,,,,,,,,,,,,,,,,Internal,Q-AND-A,,,MSFOCG,OpenMRS,AA0160,MSFOCG,OpenMRS,AA0042,,,,,,,,,
Mapping,MSFOCG,OpenMRS,,MAP-AA0361,,,,,,,,,,,,,,,,,Internal,Q-AND-A,,,MSFOCG,OpenMRS,AA0160,MSFOCG,OpenMRS,AA0043,,,,,,,,,
Mapping,MSFOCG,OpenMRS,,MAP-AA0362,,,,,,,,,,,,,,,,,Internal,Q-AND-A,,,MSFOCG,OpenMRS,AA0160,MSFOCG,OpenMRS,AA0044,,,,,,,,,
Mapping,MSFOCG,OpenMRS,,MAP-AA0363,,,,,,,,,,,,,,,,,Internal,Q-AND-A,,,MSFOCG,OpenMRS,AA0160,MSFOCG,OpenMRS,AA0045,,,,,,,,,
Mapping,MSFOCG,OpenMRS,,MAP-AA0364,,,,,,,,,,,,,,,,,Internal,Q-AND-A,,,MSFOCG,OpenMRS,AA0160,MSFOCG,OpenMRS,AA0046,,,,,,,,,
Mapping,MSFOCG,OpenMRS,,MAP-AA0365,,,,,,,,,,,,,,,,,Internal,Q-AND-A,,,MSFOCG,OpenMRS,AA0160,MSFOCG,OpenMRS,AA0047,,,,,,,,,
Mapping,MSFOCG,OpenMRS,,MAP-AA0366,,,,,,,,,,,,,,,,,Internal,Q-AND-A,,,MSFOCG,OpenMRS,AA0160,MSFOCG,OpenMRS,AA0048,,,,,,,,,
Mapping,MSFOCG,OpenMRS,,MAP-AA0367,,,,,,,,,,,,,,,,,Internal,Q-AND-A,,,MSFOCG,OpenMRS,AA0160,MSFOCG,OpenMRS,AA0049,,,,,,,,,
Mapping,MSFOCG,OpenMRS,,MAP-AA0368,,,,,,,,,,,,,,,,,Internal,Q-AND-A,,,MSFOCG,OpenMRS,AA0160,MSFOCG,OpenMRS,AA0050,,,,,,,,,
Mapping,MSFOCG,OpenMRS,,MAP-AA0369,,,,,,,,,,,,,,,,,Internal,Q-AND-A,,,MSFOCG,OpenMRS,AA0160,MSFOCG,OpenMRS,AA0051,,,,,,,,,
Mapping,MSFOCG,OpenMRS,,MAP-AA0370,,,,,,,,,,,,,,,,,Internal,Q-AND-A,,,MSFOCG,OpenMRS,AA0160,MSFOCG,OpenMRS,AA0052,,,,,,,,,
Mapping,MSFOCG,OpenMRS,,MAP-AA0371,,,,,,,,,,,,,,,,,Internal,Q-AND-A,,,MSFOCG,OpenMRS,AA0160,MSFOCG,OpenMRS,AA0053,,,,,,,,,
Mapping,MSFOCG,OpenMRS,,MAP-AA0372,,,,,,,,,,,,,,,,,Internal,Q-AND-A,,,MSFOCG,OpenMRS,AA0160,MSFOCG,OpenMRS,AA0054,,,,,,,,,
Mapping,MSFOCG,OpenMRS,,MAP-AA0373,,,,,,,,,,,,,,,,,Internal,Q-AND-A,,,MSFOCG,OpenMRS,AA0160,MSFOCG,OpenMRS,AA0055,,,,,,,,,
Mapping,MSFOCG,OpenMRS,,MAP-AA0374,,,,,,,,,,,,,,,,,Internal,Q-AND-A,,,MSFOCG,OpenMRS,AA0160,MSFOCG,OpenMRS,AA0056,,,,,,,,,
Mapping,MSFOCG,OpenMRS,,MAP-AA0375,,,,,,,,,,,,,,,,,Internal,Q-AND-A,,,MSFOCG,OpenMRS,AA0160,MSFOCG,OpenMRS,AA0057,,,,,,,,,
Mapping,MSFOCG,OpenMRS,,MAP-AA0376,,,,,,,,,,,,,,,,,Internal,Q-AND-A,,,MSFOCG,OpenMRS,AA0160,MSFOCG,OpenMRS,AA0058,,,,,,,,,
Mapping,MSFOCG,OpenMRS,,MAP-AA0377,,,,,,,,,,,,,,,,,Internal,Q-AND-A,,,MSFOCG,OpenMRS,AA0160,MSFOCG,OpenMRS,AA0059,,,,,,,,,
Mapping,MSFOCG,OpenMRS,,MAP-AA0378,,,,,,,,,,,,,,,,,Internal,Q-AND-A,,,MSFOCG,OpenMRS,AA0160,MSFOCG,OpenMRS,AA0060,,,,,,,,,
Mapping,MSFOCG,OpenMRS,,MAP-AA0379,,,,,,,,,,,,,,,,,Internal,Q-AND-A,,,MSFOCG,OpenMRS,AA0160,MSFOCG,OpenMRS,AA0061,,,,,,,,,
Mapping,MSFOCG,OpenMRS,,MAP-AA0380,,,,,,,,,,,,,,,,,Internal,Q-AND-A,,,MSFOCG,OpenMRS,AA0160,MSFOCG,OpenMRS,AA0062,,,,,,,,,
Mapping,MSFOCG,OpenMRS,,MAP-AA0381,,,,,,,,,,,,,,,,,Internal,Q-AND-A,,,MSFOCG,OpenMRS,AA0160,MSFOCG,OpenMRS,AA0063,,,,,,,,,
Mapping,MSFOCG,OpenMRS,,MAP-AA0382,,,,,,,,,,,,,,,,,Internal,Q-AND-A,,,MSFOCG,OpenMRS,AA0160,MSFOCG,OpenMRS,AA0064,,,,,,,,,
Mapping,MSFOCG,OpenMRS,,MAP-AA0383,,,,,,,,,,,,,,,,,Internal,Q-AND-A,,,MSFOCG,OpenMRS,AA0160,MSFOCG,OpenMRS,AA0065,,,,,,,,,
Mapping,MSFOCG,OpenMRS,,MAP-AA0384,,,,,,,,,,,,,,,,,Internal,Q-AND-A,,,MSFOCG,OpenMRS,AA0160,MSFOCG,OpenMRS,AA0066,,,,,,,,,
Mapping,MSFOCG,OpenMRS,,MAP-AA0385,,,,,,,,,,,,,,,,,Internal,Q-AND-A,,,MSFOCG,OpenMRS,AA0160,MSFOCG,OpenMRS,AA0067,,,,,,,,,
Mapping,MSFOCG,OpenMRS,,MAP-AA0386,,,,,,,,,,,,,,,,,Internal,Q-AND-A,,,MSFOCG,OpenMRS,AA0160,MSFOCG,OpenMRS,AA0068,,,,,,,,,
Mapping,MSFOCG,OpenMRS,,MAP-AA0387,,,,,,,,,,,,,,,,,Internal,Q-AND-A,,,MSFOCG,OpenMRS,AA0160,MSFOCG,OpenMRS,AA0069,,,,,,,,,
Mapping,MSFOCG,OpenMRS,,MAP-AA0388,,,,,,,,,,,,,,,,,Internal,Q-AND-A,,,MSFOCG,OpenMRS,AA0160,MSFOCG,OpenMRS,AA0070,,,,,,,,,
Mapping,MSFOCG,OpenMRS,,MAP-AA0389,,,,,,,,,,,,,,,,,Internal,Q-AND-A,,,MSFOCG,OpenMRS,AA0160,MSFOCG,OpenMRS,AA0071,,,,,,,,,
Mapping,MSFOCG,OpenMRS,,MAP-AA0390,,,,,,,,,,,,,,,,,Internal,Q-AND-A,,,MSFOCG,OpenMRS,AA0160,MSFOCG,OpenMRS,AA0072,,,,,,,,,
Mapping,MSFOCG,OpenMRS,,MAP-AA0391,,,,,,,,,,,,,,,,,Internal,Q-AND-A,,,MSFOCG,OpenMRS,AA0160,MSFOCG,OpenMRS,AA0073,,,,,,,,,
Mapping,MSFOCG,OpenMRS,,MAP-AA0392,,,,,,,,,,,,,,,,,Internal,Q-AND-A,,,MSFOCG,OpenMRS,AA0160,MSFOCG,OpenMRS,AA0074,,,,,,,,,
Mapping,MSFOCG,OpenMRS,,MAP-AA0393,,,,,,,,,,,,,,,,,Internal,Q-AND-A,,,MSFOCG,OpenMRS,AA0160,MSFOCG,OpenMRS,AA0075,,,,,,,,,
Mapping,MSFOCG,OpenMRS,,MAP-AA0394,,,,,,,,,,,,,,,,,Internal,Q-AND-A,,,MSFOCG,OpenMRS,AA0160,MSFOCG,OpenMRS,AA0076,,,,,,,,,
Mapping,MSFOCG,OpenMRS,,MAP-AA0395,,,,,,,,,,,,,,,,,Internal,Q-AND-A,,,MSFOCG,OpenMRS,AA0160,MSFOCG,OpenMRS,AA0077,,,,,,,,,
Mapping,MSFOCG,OpenMRS,,MAP-AA0396,,,,,,,,,,,,,,,,,Internal,Q-AND-A,,,MSFOCG,OpenMRS,AA0160,MSFOCG,OpenMRS,AA0078,,,,,,,,,
Mapping,MSFOCG,OpenMRS,,MAP-AA0397,,,,,,,,,,,,,,,,,Internal,Q-AND-A,,,MSFOCG,OpenMRS,AA0160,MSFOCG,OpenMRS,AA0079,,,,,,,,,
Mapping,MSFOCG,OpenMRS,,MAP-AA0398,,,,,,,,,,,,,,,,,Internal,Q-AND-A,,,MSFOCG,OpenMRS,AA0160,MSFOCG,OpenMRS,AA0080,,,,,,,,,
Mapping,MSFOCG,OpenMRS,,MAP-AA0399,,,,,,,,,,,,,,,,,Internal,Q-AND-A,,,MSFOCG,OpenMRS,AA0160,MSFOCG,OpenMRS,AA0081,,,,,,,,,
Mapping,MSFOCG,OpenMRS,,MAP-AA0400,,,,,,,,,,,,,,,,,Internal,Q-AND-A,,,MSFOCG,OpenMRS,AA0160,MSFOCG,OpenMRS,AA0082,,,,,,,,,
Mapping,MSFOCG,OpenMRS,,MAP-AA0401,,,,,,,,,,,,,,,,,Internal,Q-AND-A,,,MSFOCG,OpenMRS,AA0160,MSFOCG,OpenMRS,AA0083,,,,,,,,,
Mapping,MSFOCG,OpenMRS,,MAP-AA0402,,,,,,,,,,,,,,,,,Internal,Q-AND-A,,,MSFOCG,OpenMRS,AA0160,MSFOCG,OpenMRS,AA0084,,,,,,,,,
Mapping,MSFOCG,OpenMRS,,MAP-AA0403,,,,,,,,,,,,,,,,,Internal,Q-AND-A,,,MSFOCG,OpenMRS,AA0160,MSFOCG,OpenMRS,AA0085,,,,,,,,,
Mapping,MSFOCG,OpenMRS,,MAP-AA0404,,,,,,,,,,,,,,,,,Internal,Q-AND-A,,,MSFOCG,OpenMRS,AA0160,MSFOCG,OpenMRS,AA0086,,,,,,,,,
Mapping,MSFOCG,OpenMRS,,MAP-AA0405,,,,,,,,,,,,,,,,,Internal,Q-AND-A,,,MSFOCG,OpenMRS,AA0160,MSFOCG,OpenMRS,AA0087,,,,,,,,,
Mapping,MSFOCG,OpenMRS,,MAP-AA0406,,,,,,,,,,,,,,,,,Internal,Q-AND-A,,,MSFOCG,OpenMRS,AA0160,MSFOCG,OpenMRS,AA0088,,,,,,,,,
Mapping,MSFOCG,OpenMRS,,MAP-AA0407,,,,,,,,,,,,,,,,,Internal,Q-AND-A,,,MSFOCG,OpenMRS,AA0160,MSFOCG,OpenMRS,AA0089,,,,,,,,,
Mapping,MSFOCG,OpenMRS,,MAP-AA0408,,,,,,,,,,,,,,,,,Internal,Q-AND-A,,,MSFOCG,OpenMRS,AA0160,MSFOCG,OpenMRS,AA0090,,,,,,,,,
Mapping,MSFOCG,OpenMRS,,MAP-AA0409,,,,,,,,,,,,,,,,,Internal,Q-AND-A,,,MSFOCG,OpenMRS,AA0160,MSFOCG,OpenMRS,AA0091,,,,,,,,,
Mapping,MSFOCG,OpenMRS,,MAP-AA0410,,,,,,,,,,,,,,,,,Internal,Q-AND-A,,,MSFOCG,OpenMRS,AA0160,MSFOCG,OpenMRS,AA0092,,,,,,,,,
Mapping,MSFOCG,OpenMRS,,MAP-AA0411,,,,,,,,,,,,,,,,,Internal,Q-AND-A,,,MSFOCG,OpenMRS,AA0160,MSFOCG,OpenMRS,AA0093,,,,,,,,,
Mapping,MSFOCG,OpenMRS,,MAP-AA0412,,,,,,,,,,,,,,,,,Internal,Q-AND-A,,,MSFOCG,OpenMRS,AA0160,MSFOCG,OpenMRS,AA0094,,,,,,,,,
Mapping,MSFOCG,OpenMRS,,MAP-AA0413,,,,,,,,,,,,,,,,,Internal,Q-AND-A,,,MSFOCG,OpenMRS,AA0160,MSFOCG,OpenMRS,AA0095,,,,,,,,,
Mapping,MSFOCG,OpenMRS,,MAP-AA0414,,,,,,,,,,,,,,,,,Internal,Q-AND-A,,,MSFOCG,OpenMRS,AA0160,MSFOCG,OpenMRS,AA0096,,,,,,,,,
Mapping,MSFOCG,OpenMRS,,MAP-AA0415,,,,,,,,,,,,,,,,,Internal,Q-AND-A,,,MSFOCG,OpenMRS,AA0160,MSFOCG,OpenMRS,AA0097,,,,,,,,,
Mapping,MSFOCG,OpenMRS,,MAP-AA0416,,,,,,,,,,,,,,,,,Internal,Q-AND-A,,,MSFOCG,OpenMRS,AA0160,MSFOCG,OpenMRS,AA0098,,,,,,,,,
Mapping,MSFOCG,OpenMRS,,MAP-AA0417,,,,,,,,,,,,,,,,,Internal,Q-AND-A,,,MSFOCG,OpenMRS,AA0160,MSFOCG,OpenMRS,AA0099,,,,,,,,,
Mapping,MSFOCG,OpenMRS,,MAP-AA0418,,,,,,,,,,,,,,,,,Internal,Q-AND-A,,,MSFOCG,OpenMRS,AA0160,MSFOCG,OpenMRS,AA0100,,,,,,,,,
Mapping,MSFOCG,OpenMRS,,MAP-AA0419,,,,,,,,,,,,,,,,,Internal,Q-AND-A,,,MSFOCG,OpenMRS,AA0160,MSFOCG,OpenMRS,AA0101,,,,,,,,,
Mapping,MSFOCG,OpenMRS,,MAP-AA0420,,,,,,,,,,,,,,,,,Internal,Q-AND-A,,,MSFOCG,OpenMRS,AA0160,MSFOCG,OpenMRS,AA0102,,,,,,,,,
Mapping,MSFOCG,OpenMRS,,MAP-AA0421,,,,,,,,,,,,,,,,,Internal,Q-AND-A,,,MSFOCG,OpenMRS,AA0160,MSFOCG,OpenMRS,AA0103,,,,,,,,,
Mapping,MSFOCG,OpenMRS,,MAP-AA0422,,,,,,,,,,,,,,,,,Internal,Q-AND-A,,,MSFOCG,OpenMRS,AA0160,MSFOCG,OpenMRS,AA0104,,,,,,,,,
Mapping,MSFOCG,OpenMRS,,MAP-AA0423,,,,,,,,,,,,,,,,,Internal,Q-AND-A,,,MSFOCG,OpenMRS,AA0160,MSFOCG,OpenMRS,AA0105,,,,,,,,,
Mapping,MSFOCG,OpenMRS,,MAP-AA0424,,,,,,,,,,,,,,,,,Internal,Q-AND-A,,,MSFOCG,OpenMRS,AA0160,MSFOCG,OpenMRS,AA0106,,,,,,,,,
Mapping,MSFOCG,OpenMRS,,MAP-AA0425,,,,,,,,,,,,,,,,,Internal,Q-AND-A,,,MSFOCG,OpenMRS,AA0160,MSFOCG,OpenMRS,AA0107,,,,,,,,,
Mapping,MSFOCG,OpenMRS,,MAP-AA0426,,,,,,,,,,,,,,,,,Internal,Q-AND-A,,,MSFOCG,OpenMRS,AA0160,MSFOCG,OpenMRS,AA0108,,,,,,,,,
Mapping,MSFOCG,OpenMRS,,MAP-AA0427,,,,,,,,,,,,,,,,,Internal,Q-AND-A,,,MSFOCG,OpenMRS,AA0160,MSFOCG,OpenMRS,AA0109,,,,,,,,,
Mapping,MSFOCG,OpenMRS,,MAP-AA0428,,,,,,,,,,,,,,,,,Internal,Q-AND-A,,,MSFOCG,OpenMRS,AA0160,MSFOCG,OpenMRS,AA0110,,,,,,,,,
Mapping,MSFOCG,OpenMRS,,MAP-AA0429,,,,,,,,,,,,,,,,,Internal,Q-AND-A,,,MSFOCG,OpenMRS,AA0160,MSFOCG,OpenMRS,AA0111,,,,,,,,,
Mapping,MSFOCG,OpenMRS,,MAP-AA0430,,,,,,,,,,,,,,,,,Internal,Q-AND-A,,,MSFOCG,OpenMRS,AA0160,MSFOCG,OpenMRS,AA0112,,,,,,,,,
Mapping,MSFOCG,OpenMRS,,MAP-AA0431,,,,,,,,,,,,,,,,,Internal,Q-AND-A,,,MSFOCG,OpenMRS,AA0160,MSFOCG,OpenMRS,AA0113,,,,,,,,,
Mapping,MSFOCG,OpenMRS,,MAP-AA0432,,,,,,,,,,,,,,,,,Internal,Q-AND-A,,,MSFOCG,OpenMRS,AA0160,MSFOCG,OpenMRS,AA0114,,,,,,,,,
Mapping,MSFOCG,OpenMRS,,MAP-AA0433,,,,,,,,,,,,,,,,,Internal,Q-AND-A,,,MSFOCG,OpenMRS,AA0160,MSFOCG,OpenMRS,AA0115,,,,,,,,,
Mapping,MSFOCG,OpenMRS,,MAP-AA0434,,,,,,,,,,,,,,,,,Internal,Q-AND-A,,,MSFOCG,OpenMRS,AA0160,MSFOCG,OpenMRS,AA0116,,,,,,,,,
Mapping,MSFOCG,OpenMRS,,MAP-AA0435,,,,,,,,,,,,,,,,,Internal,Q-AND-A,,,MSFOCG,OpenMRS,AA0160,MSFOCG,OpenMRS,AA0117,,,,,,,,,
Mapping,MSFOCG,OpenMRS,,MAP-AA0436,,,,,,,,,,,,,,,,,Internal,Q-AND-A,,,MSFOCG,OpenMRS,AA0160,MSFOCG,OpenMRS,AA0118,,,,,,,,,
Mapping,MSFOCG,OpenMRS,,MAP-AA0437,,,,,,,,,,,,,,,,,Internal,Q-AND-A,,,MSFOCG,OpenMRS,AA0160,MSFOCG,OpenMRS,AA0119,,,,,,,,,
Mapping,MSFOCG,OpenMRS,,MAP-AA0438,,,,,,,,,,,,,,,,,Internal,Q-AND-A,,,MSFOCG,OpenMRS,AA0160,MSFOCG,OpenMRS,AA0120,,,,,,,,,
Mapping,MSFOCG,OpenMRS,,MAP-AA0439,,,,,,,,,,,,,,,,,Internal,Q-AND-A,,,MSFOCG,OpenMRS,AA0160,MSFOCG,OpenMRS,AA0121,,,,,,,,,
Mapping,MSFOCG,OpenMRS,,MAP-AA0440,,,,,,,,,,,,,,,,,Internal,Q-AND-A,,,MSFOCG,OpenMRS,AA0160,MSFOCG,OpenMRS,AA0122,,,,,,,,,
Mapping,MSFOCG,OpenMRS,,MAP-AA0441,,,,,,,,,,,,,,,,,Internal,Q-AND-A,,,MSFOCG,OpenMRS,AA0160,MSFOCG,OpenMRS,AA0123,,,,,,,,,
Mapping,MSFOCG,OpenMRS,,MAP-AA0442,,,,,,,,,,,,,,,,,Internal,Q-AND-A,,,MSFOCG,OpenMRS,AA0160,MSFOCG,OpenMRS,AA0124,,,,,,,,,
Mapping,MSFOCG,OpenMRS,,MAP-AA0443,,,,,,,,,,,,,,,,,Internal,Q-AND-A,,,MSFOCG,OpenMRS,AA0160,MSFOCG,OpenMRS,AA0125,,,,,,,,,
Mapping,MSFOCG,OpenMRS,,MAP-AA0444,,,,,,,,,,,,,,,,,Internal,Q-AND-A,,,MSFOCG,OpenMRS,AA0160,MSFOCG,OpenMRS,AA0126,,,,,,,,,
Mapping,MSFOCG,OpenMRS,,MAP-AA0445,,,,,,,,,,,,,,,,,Internal,Q-AND-A,,,MSFOCG,OpenMRS,AA0160,MSFOCG,OpenMRS,AA0127,,,,,,,,,
Mapping,MSFOCG,OpenMRS,,MAP-AA0446,,,,,,,,,,,,,,,,,Internal,Q-AND-A,,,MSFOCG,OpenMRS,AA0160,MSFOCG,OpenMRS,AA0128,,,,,,,,,
Mapping,MSFOCG,OpenMRS,,MAP-AA0447,,,,,,,,,,,,,,,,,Internal,Q-AND-A,,,MSFOCG,OpenMRS,AA0160,MSFOCG,OpenMRS,AA0129,,,,,,,,,
Mapping,MSFOCG,OpenMRS,,MAP-AA0448,,,,,,,,,,,,,,,,,Internal,Q-AND-A,,,MSFOCG,OpenMRS,AA0160,MSFOCG,OpenMRS,AA0130,,,,,,,,,
Mapping,MSFOCG,OpenMRS,,MAP-AA0449,,,,,,,,,,,,,,,,,Internal,Q-AND-A,,,MSFOCG,OpenMRS,AA0160,MSFOCG,OpenMRS,AA0131,,,,,,,,,
Mapping,MSFOCG,OpenMRS,,MAP-AA0450,,,,,,,,,,,,,,,,,Internal,Q-AND-A,,,MSFOCG,OpenMRS,AA0160,MSFOCG,OpenMRS,AA0132,,,,,,,,,
Mapping,MSFOCG,OpenMRS,,MAP-AA0451,,,,,,,,,,,,,,,,,Internal,Q-AND-A,,,MSFOCG,OpenMRS,AA0160,MSFOCG,OpenMRS,AA0133,,,,,,,,,
Mapping,MSFOCG,OpenMRS,,MAP-AA0452,,,,,,,,,,,,,,,,,Internal,Q-AND-A,,,MSFOCG,OpenMRS,AA0160,MSFOCG,OpenMRS,AA0134,,,,,,,,,
Mapping,MSFOCG,OpenMRS,,MAP-AA0453,,,,,,,,,,,,,,,,,Internal,Q-AND-A,,,MSFOCG,OpenMRS,AA0160,MSFOCG,OpenMRS,AA0135,,,,,,,,,
Mapping,MSFOCG,OpenMRS,,MAP-AA0454,,,,,,,,,,,,,,,,,Internal,Q-AND-A,,,MSFOCG,OpenMRS,AA0160,MSFOCG,OpenMRS,AA0136,,,,,,,,,
Mapping,MSFOCG,OpenMRS,,MAP-AA0455,,,,,,,,,,,,,,,,,Internal,Q-AND-A,,,MSFOCG,OpenMRS,AA0160,MSFOCG,OpenMRS,AA0137,,,,,,,,,
Mapping,MSFOCG,OpenMRS,,MAP-AA0456,,,,,,,,,,,,,,,,,Internal,Q-AND-A,,,MSFOCG,OpenMRS,AA0160,MSFOCG,OpenMRS,AA0138,,,,,,,,,
Mapping,MSFOCG,OpenMRS,,MAP-AA0457,,,,,,,,,,,,,,,,,Internal,Q-AND-A,,,MSFOCG,OpenMRS,AA0160,MSFOCG,OpenMRS,AA0139,,,,,,,,,
Mapping,MSFOCG,OpenMRS,,MAP-AA0458,,,,,,,,,,,,,,,,,Internal,Q-AND-A,,,MSFOCG,OpenMRS,AA0160,MSFOCG,OpenMRS,AA0140,,,,,,,,,
Mapping,MSFOCG,OpenMRS,,MAP-AA0459,,,,,,,,,,,,,,,,,Internal,Q-AND-A,,,MSFOCG,OpenMRS,AA0160,MSFOCG,OpenMRS,AA0141,,,,,,,,,
Mapping,MSFOCG,OpenMRS,,MAP-AA0460,,,,,,,,,,,,,,,,,Internal,Q-AND-A,,,MSFOCG,OpenMRS,AA0160,MSFOCG,OpenMRS,AA0142,,,,,,,,,
Mapping,MSFOCG,OpenMRS,,MAP-AA0461,,,,,,,,,,,,,,,,,Internal,Q-AND-A,,,MSFOCG,OpenMRS,AA0160,MSFOCG,OpenMRS,AA0143,,,,,,,,,
Mapping,MSFOCG,OpenMRS,,MAP-AA0462,,,,,,,,,,,,,,,,,Internal,Q-AND-A,,,MSFOCG,OpenMRS,AA0160,MSFOCG,OpenMRS,AA0144,,,,,,,,,
Mapping,MSFOCG,OpenMRS,,MAP-AA0463,,,,,,,,,,,,,,,,,Internal,Q-AND-A,,,MSFOCG,OpenMRS,AA0160,MSFOCG,OpenMRS,AA0145,,,,,,,,,
Mapping,MSFOCG,OpenMRS,,MAP-AA0464,,,,,,,,,,,,,,,,,Internal,Q-AND-A,,,MSFOCG,OpenMRS,AA0160,MSFOCG,OpenMRS,AA0146,,,,,,,,,
Mapping,MSFOCG,OpenMRS,,MAP-AA0465,,,,,,,,,,,,,,,,,Internal,Q-AND-A,,,MSFOCG,OpenMRS,AA0160,MSFOCG,OpenMRS,AA0147,,,,,,,,,
Mapping,MSFOCG,OpenMRS,,MAP-AA0466,,,,,,,,,,,,,,,,,Internal,Q-AND-A,,,MSFOCG,OpenMRS,AA0160,MSFOCG,OpenMRS,AA0148,,,,,,,,,
Mapping,MSFOCG,OpenMRS,,MAP-AA0467,,,,,,,,,,,,,,,,,Internal,Q-AND-A,,,MSFOCG,OpenMRS,AA0160,MSFOCG,OpenMRS,AA0149,,,,,,,,,
Mapping,MSFOCG,OpenMRS,,MAP-AA0468,,,,,,,,,,,,,,,,,Internal,Q-AND-A,,,MSFOCG,OpenMRS,AA0160,MSFOCG,OpenMRS,AA0150,,,,,,,,,
Mapping,MSFOCG,OpenMRS,,MAP-AA0469,,,,,,,,,,,,,,,,,Internal,Q-AND-A,,,MSFOCG,OpenMRS,AA0160,MSFOCG,OpenMRS,AA0151,,,,,,,,,
Mapping,MSFOCG,OpenMRS,,MAP-AA0470,,,,,,,,,,,,,,,,,Internal,Q-AND-A,,,MSFOCG,OpenMRS,AA0160,MSFOCG,OpenMRS,AA0152,,,,,,,,,
Mapping,MSFOCG,OpenMRS,,MAP-AA0471,,,,,,,,,,,,,,,,,Internal,Q-AND-A,,,MSFOCG,OpenMRS,AA0160,MSFOCG,OpenMRS,AA0153,,,,,,,,,
Mapping,MSFOCG,OpenMRS,,MAP-AA0472,,,,,,,,,,,,,,,,,Internal,Q-AND-A,,,MSFOCG,OpenMRS,AA0160,MSFOCG,OpenMRS,AA0154,,,,,,,,,
Mapping,MSFOCG,OpenMRS,,MAP-AA0473,,,,,,,,,,,,,,,,,Internal,Q-AND-A,,,MSFOCG,OpenMRS,AA0160,MSFOCG,OpenMRS,AA0155,,,,,,,,,
Mapping,MSFOCG,OpenMRS,,MAP-AA0474,,,,,,,,,,,,,,,,,Internal,Q-AND-A,,,MSFOCG,OpenMRS,AA0160,MSFOCG,OpenMRS,AA0156,,,,,,,,,
Mapping,MSFOCG,OpenMRS,,MAP-AA0475,,,,,,,,,,,,,,,,,Internal,Q-AND-A,,,MSFOCG,OpenMRS,AA0160,MSFOCG,OpenMRS,AA0157,,,,,,,,,
Mapping,MSFOCG,OpenMRS,,MAP-AA0476,,,,,,,,,,,,,,,,,Internal,Q-AND-A,,,MSFOCG,OpenMRS,AA0160,MSFOCG,OpenMRS,AA0158,,,,,,,,,
Mapping,MSFOCG,OpenMRS,,MAP-AA0477,,,,,,,,,,,,,,,,,Internal,SAME-AS,,,MSFOCG,OpenMRS,AA0160,MSFOCG,DHIS2DataElements,ZTSBtZKc8Ff,,,,,,,,,
Mapping,MSFOCG,OpenMRS,,MAP-AA0478,,,,,,,,,,,,,,,,,Internal,SAME-AS,,,MSFOCG,OpenMRS,AA0177,MSFOCG,DHIS2DataElements,vqGFXhDM1XG,,,,,,,,,
Mapping,MSFOCG,OpenMRS,,MAP-AA0479,,,,,,,,,,,,,,,,,Internal,SAME-AS,,,MSFOCG,OpenMRS,AA0178,MSFOCG,DHIS2DataElements,vQyb2n9ZbNS,,,,,,,,,
Mapping,MSFOCG,OpenMRS,,MAP-AA0480,,,,,,,,,,,,,,,,,Internal,SAME-AS,,,MSFOCG,OpenMRS,AA0179,MSFOCG,DHIS2DataElements,gyW85pubPCN,,,,,,,,,
Mapping,MSFOCG,OpenMRS,,MAP-AA0481,,,,,,,,,,,,,,,,,Internal,SAME-AS,,,MSFOCG,OpenMRS,AA0180,MSFOCG,DHIS2DataElements,ubXSTebFSJo,,,,,,,,,
Mapping,MSFOCG,OpenMRS,,MAP-AA0482,,,,,,,,,,,,,,,,,Internal,SAME-AS,,,MSFOCG,OpenMRS,AA0181,MSFOCG,DHIS2DataElements,pEJJvfY04PX,,,,,,,,,
Mapping,MSFOCG,OpenMRS,,MAP-AA0483,,,,,,,,,,,,,,,,,Internal,Q-AND-A,,,MSFOCG,OpenMRS,AA0177,MSFOCG,OpenMRS,AA0178,,,,,,,,,
Mapping,MSFOCG,OpenMRS,,MAP-AA0484,,,,,,,,,,,,,,,,,Internal,Q-AND-A,,,MSFOCG,OpenMRS,AA0177,MSFOCG,OpenMRS,AA0179,,,,,,,,,
Mapping,MSFOCG,OpenMRS,,MAP-AA0485,,,,,,,,,,,,,,,,,Internal,Q-AND-A,,,MSFOCG,OpenMRS,AA0177,MSFOCG,OpenMRS,AA0180,,,,,,,,,
Mapping,MSFOCG,OpenMRS,,MAP-AA0486,,,,,,,,,,,,,,,,,Internal,Q-AND-A,,,MSFOCG,OpenMRS,AA0177,MSFOCG,OpenMRS,AA0181,,,,,,,,,
Mapping,MSFOCG,OpenMRS,,MAP-AA0487,,,,,,,,,,,,,,,,,Internal,Q-AND-A,,,MSFOCG,OpenMRS,AA0161,CIEL,CIEL,117399,,,,,,,,,
Mapping,MSFOCG,OpenMRS,,MAP-AA0488,,,,,,,,,,,,,,,,,Internal,Q-AND-A,,,MSFOCG,OpenMRS,AA0161,CIEL,CIEL,130987,,,,,,,,,
Mapping,MSFOCG,OpenMRS,,MAP-AA0489,,,,,,,,,,,,,,,,,Internal,Q-AND-A,,,MSFOCG,OpenMRS,AA0161,CIEL,CIEL,122496,,,,,,,,,
Mapping,MSFOCG,OpenMRS,,MAP-AA0490,,,,,,,,,,,,,,,,,Internal,Q-AND-A,,,MSFOCG,OpenMRS,AA0161,CIEL,CIEL,121375,,,,,,,,,
Mapping,MSFOCG,OpenMRS,,MAP-AA0491,,,,,,,,,,,,,,,,,Internal,Q-AND-A,,,MSFOCG,OpenMRS,AA0161,CIEL,CIEL,112141,,,,,,,,,
Mapping,MSFOCG,OpenMRS,,MAP-AA0492,,,,,,,,,,,,,,,,,Internal,Q-AND-A,,,MSFOCG,OpenMRS,AA0161,CIEL,CIEL,119481,,,,,,,,,
Mapping,MSFOCG,OpenMRS,,MAP-AA0493,,,,,,,,,,,,,,,,,Internal,Q-AND-A,,,MSFOCG,OpenMRS,AA0161,CIEL,CIEL,121610,,,,,,,,,
Mapping,MSFOCG,OpenMRS,,MAP-AA0494,,,,,,,,,,,,,,,,,Internal,Q-AND-A,,,MSFOCG,OpenMRS,AA0161,CIEL,CIEL,114262,,,,,,,,,
Mapping,MSFOCG,OpenMRS,,MAP-AA0495,,,,,,,,,,,,,,,,,Internal,Q-AND-A,,,MSFOCG,OpenMRS,AA0161,CIEL,CIEL,136443,,,,,,,,,
Mapping,MSFOCG,OpenMRS,,MAP-AA0496,,,,,,,,,,,,,,,,,Internal,Q-AND-A,,,MSFOCG,OpenMRS,AA0161,CIEL,CIEL,155,,,,,,,,,
Mapping,MSFOCG,OpenMRS,,MAP-AA0497,,,,,,,,,,,,,,,,,Internal,Q-AND-A,,,MSFOCG,OpenMRS,AA0161,CIEL,CIEL,111479,,,,,,,,,
Mapping,MSFOCG,OpenMRS,,MAP-AA0498,,,,,,,,,,,,,,,,,Internal,Q-AND-A,,,MSFOCG,OpenMRS,AA0161,CIEL,CIEL,1295,,,,,,,,,
Mapping,MSFOCG,OpenMRS,,MAP-AA0499,,,,,,,,,,,,,,,,,Internal,Q-AND-A,,,MSFOCG,OpenMRS,AA0161,CIEL,CIEL,117460,,,,,,,,,
Mapping,MSFOCG,OpenMRS,,MAP-AA0500,,,,,,,,,,,,,,,,,Internal,Q-AND-A,,,MSFOCG,OpenMRS,AA0182,CIEL,CIEL,140238,,,,,,,,,
Mapping,MSFOCG,OpenMRS,,MAP-AA0501,,,,,,,,,,,,,,,,,Internal,Q-AND-A,,,MSFOCG,OpenMRS,AA0182,CIEL,CIEL,139084,,,,,,,,,
Mapping,MSFOCG,OpenMRS,,MAP-AA0502,,,,,,,,,,,,,,,,,Internal,Q-AND-A,,,MSFOCG,OpenMRS,AA0182,CIEL,CIEL,122983,,,,,,,,,
Mapping,MSFOCG,OpenMRS,,MAP-AA0503,,,,,,,,,,,,,,,,,Internal,Q-AND-A,,,MSFOCG,OpenMRS,AA0182,CIEL,CIEL,113054,,,,,,,,,
Mapping,MSFOCG,OpenMRS,,MAP-AA0504,,,,,,,,,,,,,,,,,Internal,Q-AND-A,,,MSFOCG,OpenMRS,AA0182,CIEL,CIEL,122496,,,,,,,,,
Mapping,MSFOCG,OpenMRS,,MAP-AA0505,,,,,,,,,,,,,,,,,Internal,Q-AND-A,,,MSFOCG,OpenMRS,AA0182,CIEL,CIEL,143264,,,,,,,,,
Mapping,MSFOCG,OpenMRS,,MAP-AA0506,,,,,,,,,,,,,,,,,Internal,Q-AND-A,,,MSFOCG,OpenMRS,AA0182,CIEL,CIEL,126001,,,,,,,,,
Mapping,MSFOCG,OpenMRS,,MAP-AA0507,,,,,,,,,,,,,,,,,Internal,Q-AND-A,,,MSFOCG,OpenMRS,AA0182,CIEL,CIEL,128061,,,,,,,,,
Mapping,MSFOCG,OpenMRS,,MAP-AA0508,,,,,,,,,,,,,,,,,Internal,Q-AND-A,,,MSFOCG,OpenMRS,AA0182,CIEL,CIEL,142412,,,,,,,,,
Mapping,MSFOCG,OpenMRS,,MAP-AA0509,,,,,,,,,,,,,,,,,Internal,Q-AND-A,,,MSFOCG,OpenMRS,AA0182,CIEL,CIEL,118771,,,,,,,,,
Mapping,MSFOCG,OpenMRS,,MAP-AA0510,,,,,,,,,,,,,,,,,Internal,Q-AND-A,,,MSFOCG,OpenMRS,AA0182,CIEL,CIEL,136455,,,,,,,,,
Mapping,MSFOCG,OpenMRS,,MAP-AA0511,,,,,,,,,,,,,,,,,Internal,Q-AND-A,,,MSFOCG,OpenMRS,AA0173,MSFOCG,OpenMRS,AA0174,,,,,,,,,
Mapping,MSFOCG,OpenMRS,,MAP-AA0512,,,,,,,,,,,,,,,,,Internal,Q-AND-A,,,MSFOCG,OpenMRS,AA0173,MSFOCG,OpenMRS,AA0175,,,,,,,,,
Mapping,MSFOCG,OpenMRS,,MAP-AA0513,,,,,,,,,,,,,,,,,Internal,Q-AND-A,,,MSFOCG,OpenMRS,AA0173,MSFOCG,OpenMRS,AA0176,,,,,,,,,
Mapping,MSFOCG,OpenMRS,,MAP-AA0514,,,,,,,,,,,,,,,,,Internal,Q-AND-A,,,MSFOCG,OpenMRS,AA0173,MSFOCG,OpenMRS,AA0183,,,,,,,,,
Mapping,MSFOCG,OpenMRS,,MAP-AA0515,,,,,,,,,,,,,,,,,Internal,Q-AND-A,,,MSFOCG,OpenMRS,AA0173,MSFOCG,OpenMRS,AA0184,,,,,,,,,
Mapping,MSFOCG,OpenMRS,,MAP-AA0516,,,,,,,,,,,,,,,,,Internal,Q-AND-A,,,MSFOCG,OpenMRS,AA0173,MSFOCG,OpenMRS,AA0185,,,,,,,,,
Mapping,MSFOCG,OpenMRS,,MAP-AA0517,,,,,,,,,,,,,,,,,Internal,Q-AND-A,,,MSFOCG,OpenMRS,AA0173,MSFOCG,OpenMRS,AA0186,,,,,,,,,
Mapping,MSFOCG,OpenMRS,,MAP-AA0518,,,,,,,,,,,,,,,,,Internal,Q-AND-A,,,MSFOCG,OpenMRS,AA0173,MSFOCG,OpenMRS,AA0187,,,,,,,,,
Mapping,MSFOCG,OpenMRS,,MAP-AA0519,,,,,,,,,,,,,,,,,Internal,Q-AND-A,,,MSFOCG,OpenMRS,AA0173,MSFOCG,OpenMRS,AA0188,,,,,,,,,
Mapping,MSFOCG,OpenMRS,,MAP-AA0520,,,,,,,,,,,,,,,,,Internal,Q-AND-A,,,MSFOCG,OpenMRS,AA0163,MSFOCG,OpenMRS,AA0164,,,,,,,,,
Mapping,MSFOCG,OpenMRS,,MAP-AA0521,,,,,,,,,,,,,,,,,Internal,Q-AND-A,,,MSFOCG,OpenMRS,AA0163,MSFOCG,OpenMRS,AA0165,,,,,,,,,
Mapping,MSFOCG,OpenMRS,,MAP-AA0522,,,,,,,,,,,,,,,,,Internal,Q-AND-A,,,MSFOCG,OpenMRS,AA0163,MSFOCG,OpenMRS,AA0166,,,,,,,,,
Mapping,MSFOCG,OpenMRS,,MAP-AA0523,,,,,,,,,,,,,,,,,Internal,Q-AND-A,,,MSFOCG,OpenMRS,AA0163,MSFOCG,OpenMRS,AA0167,,,,,,,,,
Mapping,MSFOCG,OpenMRS,,MAP-AA0524,,,,,,,,,,,,,,,,,Internal,Q-AND-A,,,MSFOCG,OpenMRS,AA0163,MSFOCG,OpenMRS,AA0168,,,,,,,,,
Mapping,MSFOCG,OpenMRS,,MAP-AA0525,,,,,,,,,,,,,,,,,Internal,Q-AND-A,,,MSFOCG,OpenMRS,AA0163,MSFOCG,OpenMRS,AA0169,,,,,,,,,
Mapping,MSFOCG,OpenMRS,,MAP-AA0526,,,,,,,,,,,,,,,,,Internal,Q-AND-A,,,MSFOCG,OpenMRS,AA0163,MSFOCG,OpenMRS,AA0170,,,,,,,,,
Mapping,MSFOCG,OpenMRS,,MAP-AA0527,,,,,,,,,,,,,,,,,Internal,Q-AND-A,,,MSFOCG,OpenMRS,AA0161,MSFOCG,OpenMRS,AA0190,,,,,,,,,
Mapping,MSFOCG,OpenMRS,,MAP-AA0528,,,,,,,,,,,,,,,,,Internal,Q-AND-A,,,MSFOCG,OpenMRS,AA0161,MSFOCG,OpenMRS,AA0191,,,,,,,,,
Mapping,MSFOCG,OpenMRS,,MAP-AA0529,,,,,,,,,,,,,,,,,Internal,Q-AND-A,,,MSFOCG,OpenMRS,AA0161,MSFOCG,OpenMRS,AA0192,,,,,,,,,
Mapping,MSFOCG,OpenMRS,,MAP-AA0530,,,,,,,,,,,,,,,,,Internal,Q-AND-A,,,MSFOCG,OpenMRS,AA0161,MSFOCG,OpenMRS,AA0193,,,,,,,,,
Mapping,MSFOCG,OpenMRS,,MAP-AA0531,,,,,,,,,,,,,,,,,Internal,Q-AND-A,,,MSFOCG,OpenMRS,AA0161,MSFOCG,OpenMRS,AA0194,,,,,,,,,
Mapping,MSFOCG,OpenMRS,,MAP-AA0532,,,,,,,,,,,,,,,,,Internal,Q-AND-A,,,MSFOCG,OpenMRS,AA0161,MSFOCG,OpenMRS,AA0195,,,,,,,,,
Mapping,MSFOCG,OpenMRS,,MAP-AA0533,,,,,,,,,,,,,,,,,Internal,Q-AND-A,,,MSFOCG,OpenMRS,AA0161,MSFOCG,OpenMRS,AA0196,,,,,,,,,
Mapping,MSFOCG,OpenMRS,,MAP-AA0534,,,,,,,,,,,,,,,,,Internal,Q-AND-A,,,MSFOCG,OpenMRS,AA0161,MSFOCG,OpenMRS,AA0197,,,,,,,,,
Mapping,MSFOCG,OpenMRS,,MAP-AA0535,,,,,,,,,,,,,,,,,Internal,Q-AND-A,,,MSFOCG,OpenMRS,AA0161,MSFOCG,OpenMRS,AA0198,,,,,,,,,
Mapping,MSFOCG,OpenMRS,,MAP-AA0536,,,,,,,,,,,,,,,,,Internal,Q-AND-A,,,MSFOCG,OpenMRS,AA0161,MSFOCG,OpenMRS,AA0199,,,,,,,,,
Mapping,MSFOCG,OpenMRS,,MAP-AA0537,,,,,,,,,,,,,,,,,Internal,Q-AND-A,,,MSFOCG,OpenMRS,AA0161,MSFOCG,OpenMRS,AA0200,,,,,,,,,
Mapping,MSFOCG,OpenMRS,,MAP-AA0538,,,,,,,,,,,,,,,,,Internal,Q-AND-A,,,MSFOCG,OpenMRS,AA0161,MSFOCG,OpenMRS,AA0201,,,,,,,,,
Mapping,MSFOCG,OpenMRS,,MAP-AA0539,,,,,,,,,,,,,,,,,Internal,Q-AND-A,,,MSFOCG,OpenMRS,AA0161,MSFOCG,OpenMRS,AA0202,,,,,,,,,
Mapping,MSFOCG,OpenMRS,,MAP-AA0540,,,,,,,,,,,,,,,,,Internal,Q-AND-A,,,MSFOCG,OpenMRS,AA0182,MSFOCG,OpenMRS,AA0203,,,,,,,,,
Mapping,MSFOCG,OpenMRS,,MAP-AA0541,,,,,,,,,,,,,,,,,Internal,Q-AND-A,,,MSFOCG,OpenMRS,AA0182,MSFOCG,OpenMRS,AA0204,,,,,,,,,
Mapping,MSFOCG,OpenMRS,,MAP-AA0542,,,,,,,,,,,,,,,,,Internal,Q-AND-A,,,MSFOCG,OpenMRS,AA0182,MSFOCG,OpenMRS,AA0205,,,,,,,,,
Mapping,MSFOCG,OpenMRS,,MAP-AA0543,,,,,,,,,,,,,,,,,Internal,Q-AND-A,,,MSFOCG,OpenMRS,AA0182,MSFOCG,OpenMRS,AA0206,,,,,,,,,
Mapping,MSFOCG,OpenMRS,,MAP-AA0544,,,,,,,,,,,,,,,,,Internal,Q-AND-A,,,MSFOCG,OpenMRS,AA0182,MSFOCG,OpenMRS,AA0207,,,,,,,,,
Mapping,MSFOCG,OpenMRS,,MAP-AA0545,,,,,,,,,,,,,,,,,Internal,Q-AND-A,,,MSFOCG,OpenMRS,AA0182,MSFOCG,OpenMRS,AA0208,,,,,,,,,
Mapping,MSFOCG,OpenMRS,,MAP-AA0546,,,,,,,,,,,,,,,,,Internal,Q-AND-A,,,MSFOCG,OpenMRS,AA0182,MSFOCG,OpenMRS,AA0209,,,,,,,,,
Mapping,MSFOCG,OpenMRS,,MAP-AA0547,,,,,,,,,,,,,,,,,Internal,Q-AND-A,,,MSFOCG,OpenMRS,AA0182,MSFOCG,OpenMRS,AA0210,,,,,,,,,
Mapping,MSFOCG,OpenMRS,,MAP-AA0548,,,,,,,,,,,,,,,,,Internal,Q-AND-A,,,MSFOCG,OpenMRS,AA0182,MSFOCG,OpenMRS,AA0211,,,,,,,,,
Mapping,MSFOCG,OpenMRS,,MAP-AA0549,,,,,,,,,,,,,,,,,Internal,Q-AND-A,,,MSFOCG,OpenMRS,AA0182,MSFOCG,OpenMRS,AA0212,,,,,,,,,
Mapping,MSFOCG,OpenMRS,,MAP-AA0550,,,,,,,,,,,,,,,,,Internal,Q-AND-A,,,MSFOCG,OpenMRS,AA0182,MSFOCG,OpenMRS,AA0213,,,,,,,,,
Mapping,MSFOCG,OpenMRS,,MAP-AA0551,,,,,,,,,,,,,,,,,Internal,Q-AND-A,,,MSFOCG,OpenMRS,AA0182,MSFOCG,OpenMRS,AA0214,,,,,,,,,
Mapping,MSFOCG,OpenMRS,,MAP-AA0552,,,,,,,,,,,,,,,,,Internal,Q-AND-A,,,MSFOCG,OpenMRS,AA0182,MSFOCG,OpenMRS,AA0215,,,,,,,,,
Mapping,MSFOCG,OpenMRS,,MAP-AA0553,,,,,,,,,,,,,,,,,Internal,Q-AND-A,,,MSFOCG,OpenMRS,AA0182,MSFOCG,OpenMRS,AA0216,,,,,,,,,
Mapping,MSFOCG,OpenMRS,,MAP-AA0554,,,,,,,,,,,,,,,,,Internal,Q-AND-A,,,MSFOCG,OpenMRS,AA0182,MSFOCG,OpenMRS,AA0217,,,,,,,,,
Mapping,MSFOCG,OpenMRS,,MAP-AA0555,,,,,,,,,,,,,,,,,Internal,SAME-AS,,,MSFOCG,OpenMRS,AA0225,MSFOCP,MSFOCP,754,,,,,,,,,
Mapping,MSFOCG,OpenMRS,,MAP-AA0556,,,,,,,,,,,,,,,,,Internal,SAME-AS,,,MSFOCG,OpenMRS,AA0226,MSFOCP,MSFOCP,755,,,,,,,,,
Mapping,MSFOCG,OpenMRS,,MAP-AA0557,,,,,,,,,,,,,,,,,Internal,SAME-AS,,,MSFOCG,OpenMRS,AA0226,CIEL,CIEL,166854,,,,,,,,,
Mapping,MSFOCG,OpenMRS,,MAP-AA0558,,,,,,,,,,,,,,,,,Internal,NARROWER-THAN,,,MSFOCG,OpenMRS,AA0226,IHTSDO,SNOMED-CT,225908003,,,,,,,,,